id,contract,signature,function,selector
reentrancy_simple,Reentrance,addToBalance(),addToBalance,c0e317fb
reentrancy_simple,Reentrance,getBalance(address),getBalance,f8b2cb4f
reentrancy_simple,Reentrance,withdrawBalance(),withdrawBalance,5fd8c710
0xccccccccab8785b30f5d4ceafa0f3cbd1edaa58f_1,LogOfClaimedMEVBlocks,blockSubmissionsOperator(address),blockSubmissionsOperator,efd874af
0xccccccccab8785b30f5d4ceafa0f3cbd1edaa58f_1,LogOfClaimedMEVBlocks,"checkValidityOfGetWork(bytes32,bytes32,bytes32,uint256,uint256,address,address,uint8,bytes32,bytes32)",checkValidityOfGetWork,954648b3
0xccccccccab8785b30f5d4ceafa0f3cbd1edaa58f_1,LogOfClaimedMEVBlocks,claimedBlockNonce(bytes32),claimedBlockNonce,399ff3dd
0xccccccccab8785b30f5d4ceafa0f3cbd1edaa58f_1,LogOfClaimedMEVBlocks,"depositAndLock(uint256,uint256)",depositAndLock,bfc10279
0xccccccccab8785b30f5d4ceafa0f3cbd1edaa58f_1,LogOfClaimedMEVBlocks,depositedEther(address),depositedEther,482ed2a2
0xccccccccab8785b30f5d4ceafa0f3cbd1edaa58f_1,LogOfClaimedMEVBlocks,owner(),owner,8da5cb5b
0xccccccccab8785b30f5d4ceafa0f3cbd1edaa58f_1,LogOfClaimedMEVBlocks,renounceOwnership(),renounceOwnership,715018a6
0xccccccccab8785b30f5d4ceafa0f3cbd1edaa58f_1,LogOfClaimedMEVBlocks,setBlockSubmissionsOperator(address),setBlockSubmissionsOperator,19d40c10
0xccccccccab8785b30f5d4ceafa0f3cbd1edaa58f_1,LogOfClaimedMEVBlocks,"submitClaim(bytes32,bytes32,bytes32,uint256,uint256,address,address,uint8,bytes32,bytes32,uint256,bytes32)",submitClaim,8f0c1825
0xccccccccab8785b30f5d4ceafa0f3cbd1edaa58f_1,LogOfClaimedMEVBlocks,timestampOfPossibleExit(address),timestampOfPossibleExit,044c5769
0xccccccccab8785b30f5d4ceafa0f3cbd1edaa58f_1,LogOfClaimedMEVBlocks,transferOwnership(address),transferOwnership,f2fde38b
0xccccccccab8785b30f5d4ceafa0f3cbd1edaa58f_1,LogOfClaimedMEVBlocks,whitelistMiningPool(address),whitelistMiningPool,b1df402f
0xccccccccab8785b30f5d4ceafa0f3cbd1edaa58f_1,LogOfClaimedMEVBlocks,withdraw(uint256),withdraw,2e1a7d4d
0xccccccccab8785b30f5d4ceafa0f3cbd1edaa58f_1,LogOfClaimedMEVBlocks,withdrawAll(),withdrawAll,853828b6
0xccccccccab8785b30f5d4ceafa0f3cbd1edaa58f_1,Ownable,owner(),owner,8da5cb5b
0xccccccccab8785b30f5d4ceafa0f3cbd1edaa58f_1,Ownable,renounceOwnership(),renounceOwnership,715018a6
0xccccccccab8785b30f5d4ceafa0f3cbd1edaa58f_1,Ownable,transferOwnership(address),transferOwnership,f2fde38b
0xd5500f15abdab81f4ede3a30a215964a4068a4b7_1,Colexion,T_Auction(uint256),T_Auction,d0950059
0xd5500f15abdab81f4ede3a30a215964a4068a4b7_1,Colexion,T_In_Auction(uint256),T_In_Auction,b662f671
0xd5500f15abdab81f4ede3a30a215964a4068a4b7_1,Colexion,T_cost(uint256),T_cost,4491ff9a
0xd5500f15abdab81f4ede3a30a215964a4068a4b7_1,Colexion,"approve(address,uint256)",approve,095ea7b3
0xd5500f15abdab81f4ede3a30a215964a4068a4b7_1,Colexion,balanceOf(address),balanceOf,70a08231
0xd5500f15abdab81f4ede3a30a215964a4068a4b7_1,Colexion,bid(uint64),bid,c261d456
0xd5500f15abdab81f4ede3a30a215964a4068a4b7_1,Colexion,"bids(uint256,address)",bids,3f1ffcec
0xd5500f15abdab81f4ede3a30a215964a4068a4b7_1,Colexion,checkWithdraw(uint256),checkWithdraw,9a9f3e35
0xd5500f15abdab81f4ede3a30a215964a4068a4b7_1,Colexion,"create_Auction(uint256,uint256)",create_Auction,9af4298a
0xd5500f15abdab81f4ede3a30a215964a4068a4b7_1,Colexion,creator(uint256),creator,510b5158
0xd5500f15abdab81f4ede3a30a215964a4068a4b7_1,Colexion,end_auction(uint64),end_auction,9b5a587b
0xd5500f15abdab81f4ede3a30a215964a4068a4b7_1,Colexion,getApproved(uint256),getApproved,081812fc
0xd5500f15abdab81f4ede3a30a215964a4068a4b7_1,Colexion,"isApprovedForAll(address,address)",isApprovedForAll,e985e9c5
0xd5500f15abdab81f4ede3a30a215964a4068a4b7_1,Colexion,manager(),manager,481c6a75
0xd5500f15abdab81f4ede3a30a215964a4068a4b7_1,Colexion,"mint(string,uint256)",mint,056b01ce
0xd5500f15abdab81f4ede3a30a215964a4068a4b7_1,Colexion,name(),name,06fdde03
0xd5500f15abdab81f4ede3a30a215964a4068a4b7_1,Colexion,ownerOf(uint256),ownerOf,6352211e
0xd5500f15abdab81f4ede3a30a215964a4068a4b7_1,Colexion,"purchaseToken(uint64,uint256,uint256,uint256)",purchaseToken,95e2dcc4
0xd5500f15abdab81f4ede3a30a215964a4068a4b7_1,Colexion,"safeTransferFrom(address,address,uint256)",safeTransferFrom,42842e0e
0xd5500f15abdab81f4ede3a30a215964a4068a4b7_1,Colexion,"safeTransferFrom(address,address,uint256,bytes)",safeTransferFrom,b88d4fde
0xd5500f15abdab81f4ede3a30a215964a4068a4b7_1,Colexion,"setApprovalForAll(address,bool)",setApprovalForAll,a22cb465
0xd5500f15abdab81f4ede3a30a215964a4068a4b7_1,Colexion,supportsInterface(bytes4),supportsInterface,01ffc9a7
0xd5500f15abdab81f4ede3a30a215964a4068a4b7_1,Colexion,symbol(),symbol,95d89b41
0xd5500f15abdab81f4ede3a30a215964a4068a4b7_1,Colexion,tokenByIndex(uint256),tokenByIndex,4f6ccce7
0xd5500f15abdab81f4ede3a30a215964a4068a4b7_1,Colexion,"tokenOfOwnerByIndex(address,uint256)",tokenOfOwnerByIndex,2f745c59
0xd5500f15abdab81f4ede3a30a215964a4068a4b7_1,Colexion,tokenURI(uint256),tokenURI,c87b56dd
0xd5500f15abdab81f4ede3a30a215964a4068a4b7_1,Colexion,"token_bidders(uint256,uint256)",token_bidders,f49d66c0
0xd5500f15abdab81f4ede3a30a215964a4068a4b7_1,Colexion,totalSupply(),totalSupply,18160ddd
0xd5500f15abdab81f4ede3a30a215964a4068a4b7_1,Colexion,"transferFrom(address,address,uint256)",transferFrom,23b872dd
0xd5500f15abdab81f4ede3a30a215964a4068a4b7_1,Colexion,"updateTokenPrice(uint256,uint256)",updateTokenPrice,897925f5
0xd5500f15abdab81f4ede3a30a215964a4068a4b7_1,Colexion,withdraw(uint256),withdraw,2e1a7d4d
0xd5500f15abdab81f4ede3a30a215964a4068a4b7_1,ERC165,supportsInterface(bytes4),supportsInterface,01ffc9a7
0xd5500f15abdab81f4ede3a30a215964a4068a4b7_1,ERC721,"approve(address,uint256)",approve,095ea7b3
0xd5500f15abdab81f4ede3a30a215964a4068a4b7_1,ERC721,balanceOf(address),balanceOf,70a08231
0xd5500f15abdab81f4ede3a30a215964a4068a4b7_1,ERC721,getApproved(uint256),getApproved,081812fc
0xd5500f15abdab81f4ede3a30a215964a4068a4b7_1,ERC721,"isApprovedForAll(address,address)",isApprovedForAll,e985e9c5
0xd5500f15abdab81f4ede3a30a215964a4068a4b7_1,ERC721,ownerOf(uint256),ownerOf,6352211e
0xd5500f15abdab81f4ede3a30a215964a4068a4b7_1,ERC721,"safeTransferFrom(address,address,uint256)",safeTransferFrom,42842e0e
0xd5500f15abdab81f4ede3a30a215964a4068a4b7_1,ERC721,"safeTransferFrom(address,address,uint256,bytes)",safeTransferFrom,b88d4fde
0xd5500f15abdab81f4ede3a30a215964a4068a4b7_1,ERC721,"setApprovalForAll(address,bool)",setApprovalForAll,a22cb465
0xd5500f15abdab81f4ede3a30a215964a4068a4b7_1,ERC721,supportsInterface(bytes4),supportsInterface,01ffc9a7
0xd5500f15abdab81f4ede3a30a215964a4068a4b7_1,ERC721,"transferFrom(address,address,uint256)",transferFrom,23b872dd
0xd5500f15abdab81f4ede3a30a215964a4068a4b7_1,ERC721Enumerable,"approve(address,uint256)",approve,095ea7b3
0xd5500f15abdab81f4ede3a30a215964a4068a4b7_1,ERC721Enumerable,balanceOf(address),balanceOf,70a08231
0xd5500f15abdab81f4ede3a30a215964a4068a4b7_1,ERC721Enumerable,getApproved(uint256),getApproved,081812fc
0xd5500f15abdab81f4ede3a30a215964a4068a4b7_1,ERC721Enumerable,"isApprovedForAll(address,address)",isApprovedForAll,e985e9c5
0xd5500f15abdab81f4ede3a30a215964a4068a4b7_1,ERC721Enumerable,ownerOf(uint256),ownerOf,6352211e
0xd5500f15abdab81f4ede3a30a215964a4068a4b7_1,ERC721Enumerable,"safeTransferFrom(address,address,uint256)",safeTransferFrom,42842e0e
0xd5500f15abdab81f4ede3a30a215964a4068a4b7_1,ERC721Enumerable,"safeTransferFrom(address,address,uint256,bytes)",safeTransferFrom,b88d4fde
0xd5500f15abdab81f4ede3a30a215964a4068a4b7_1,ERC721Enumerable,"setApprovalForAll(address,bool)",setApprovalForAll,a22cb465
0xd5500f15abdab81f4ede3a30a215964a4068a4b7_1,ERC721Enumerable,supportsInterface(bytes4),supportsInterface,01ffc9a7
0xd5500f15abdab81f4ede3a30a215964a4068a4b7_1,ERC721Enumerable,tokenByIndex(uint256),tokenByIndex,4f6ccce7
0xd5500f15abdab81f4ede3a30a215964a4068a4b7_1,ERC721Enumerable,"tokenOfOwnerByIndex(address,uint256)",tokenOfOwnerByIndex,2f745c59
0xd5500f15abdab81f4ede3a30a215964a4068a4b7_1,ERC721Enumerable,totalSupply(),totalSupply,18160ddd
0xd5500f15abdab81f4ede3a30a215964a4068a4b7_1,ERC721Enumerable,"transferFrom(address,address,uint256)",transferFrom,23b872dd
0xd5500f15abdab81f4ede3a30a215964a4068a4b7_1,ERC721Full,"approve(address,uint256)",approve,095ea7b3
0xd5500f15abdab81f4ede3a30a215964a4068a4b7_1,ERC721Full,balanceOf(address),balanceOf,70a08231
0xd5500f15abdab81f4ede3a30a215964a4068a4b7_1,ERC721Full,getApproved(uint256),getApproved,081812fc
0xd5500f15abdab81f4ede3a30a215964a4068a4b7_1,ERC721Full,"isApprovedForAll(address,address)",isApprovedForAll,e985e9c5
0xd5500f15abdab81f4ede3a30a215964a4068a4b7_1,ERC721Full,name(),name,06fdde03
0xd5500f15abdab81f4ede3a30a215964a4068a4b7_1,ERC721Full,ownerOf(uint256),ownerOf,6352211e
0xd5500f15abdab81f4ede3a30a215964a4068a4b7_1,ERC721Full,"safeTransferFrom(address,address,uint256)",safeTransferFrom,42842e0e
0xd5500f15abdab81f4ede3a30a215964a4068a4b7_1,ERC721Full,"safeTransferFrom(address,address,uint256,bytes)",safeTransferFrom,b88d4fde
0xd5500f15abdab81f4ede3a30a215964a4068a4b7_1,ERC721Full,"setApprovalForAll(address,bool)",setApprovalForAll,a22cb465
0xd5500f15abdab81f4ede3a30a215964a4068a4b7_1,ERC721Full,supportsInterface(bytes4),supportsInterface,01ffc9a7
0xd5500f15abdab81f4ede3a30a215964a4068a4b7_1,ERC721Full,symbol(),symbol,95d89b41
0xd5500f15abdab81f4ede3a30a215964a4068a4b7_1,ERC721Full,tokenByIndex(uint256),tokenByIndex,4f6ccce7
0xd5500f15abdab81f4ede3a30a215964a4068a4b7_1,ERC721Full,"tokenOfOwnerByIndex(address,uint256)",tokenOfOwnerByIndex,2f745c59
0xd5500f15abdab81f4ede3a30a215964a4068a4b7_1,ERC721Full,tokenURI(uint256),tokenURI,c87b56dd
0xd5500f15abdab81f4ede3a30a215964a4068a4b7_1,ERC721Full,totalSupply(),totalSupply,18160ddd
0xd5500f15abdab81f4ede3a30a215964a4068a4b7_1,ERC721Full,"transferFrom(address,address,uint256)",transferFrom,23b872dd
0xd5500f15abdab81f4ede3a30a215964a4068a4b7_1,ERC721Metadata,"approve(address,uint256)",approve,095ea7b3
0xd5500f15abdab81f4ede3a30a215964a4068a4b7_1,ERC721Metadata,balanceOf(address),balanceOf,70a08231
0xd5500f15abdab81f4ede3a30a215964a4068a4b7_1,ERC721Metadata,getApproved(uint256),getApproved,081812fc
0xd5500f15abdab81f4ede3a30a215964a4068a4b7_1,ERC721Metadata,"isApprovedForAll(address,address)",isApprovedForAll,e985e9c5
0xd5500f15abdab81f4ede3a30a215964a4068a4b7_1,ERC721Metadata,name(),name,06fdde03
0xd5500f15abdab81f4ede3a30a215964a4068a4b7_1,ERC721Metadata,ownerOf(uint256),ownerOf,6352211e
0xd5500f15abdab81f4ede3a30a215964a4068a4b7_1,ERC721Metadata,"safeTransferFrom(address,address,uint256)",safeTransferFrom,42842e0e
0xd5500f15abdab81f4ede3a30a215964a4068a4b7_1,ERC721Metadata,"safeTransferFrom(address,address,uint256,bytes)",safeTransferFrom,b88d4fde
0xd5500f15abdab81f4ede3a30a215964a4068a4b7_1,ERC721Metadata,"setApprovalForAll(address,bool)",setApprovalForAll,a22cb465
0xd5500f15abdab81f4ede3a30a215964a4068a4b7_1,ERC721Metadata,supportsInterface(bytes4),supportsInterface,01ffc9a7
0xd5500f15abdab81f4ede3a30a215964a4068a4b7_1,ERC721Metadata,symbol(),symbol,95d89b41
0xd5500f15abdab81f4ede3a30a215964a4068a4b7_1,ERC721Metadata,tokenURI(uint256),tokenURI,c87b56dd
0xd5500f15abdab81f4ede3a30a215964a4068a4b7_1,ERC721Metadata,"transferFrom(address,address,uint256)",transferFrom,23b872dd
0xd5500f15abdab81f4ede3a30a215964a4068a4b7_1,IERC165,supportsInterface(bytes4),supportsInterface,01ffc9a7
0xd5500f15abdab81f4ede3a30a215964a4068a4b7_1,IERC721,"approve(address,uint256)",approve,095ea7b3
0xd5500f15abdab81f4ede3a30a215964a4068a4b7_1,IERC721,balanceOf(address),balanceOf,70a08231
0xd5500f15abdab81f4ede3a30a215964a4068a4b7_1,IERC721,getApproved(uint256),getApproved,081812fc
0xd5500f15abdab81f4ede3a30a215964a4068a4b7_1,IERC721,"isApprovedForAll(address,address)",isApprovedForAll,e985e9c5
0xd5500f15abdab81f4ede3a30a215964a4068a4b7_1,IERC721,ownerOf(uint256),ownerOf,6352211e
0xd5500f15abdab81f4ede3a30a215964a4068a4b7_1,IERC721,"safeTransferFrom(address,address,uint256)",safeTransferFrom,42842e0e
0xd5500f15abdab81f4ede3a30a215964a4068a4b7_1,IERC721,"safeTransferFrom(address,address,uint256,bytes)",safeTransferFrom,b88d4fde
0xd5500f15abdab81f4ede3a30a215964a4068a4b7_1,IERC721,"setApprovalForAll(address,bool)",setApprovalForAll,a22cb465
0xd5500f15abdab81f4ede3a30a215964a4068a4b7_1,IERC721,supportsInterface(bytes4),supportsInterface,01ffc9a7
0xd5500f15abdab81f4ede3a30a215964a4068a4b7_1,IERC721,"transferFrom(address,address,uint256)",transferFrom,23b872dd
0xd5500f15abdab81f4ede3a30a215964a4068a4b7_1,IERC721Enumerable,"approve(address,uint256)",approve,095ea7b3
0xd5500f15abdab81f4ede3a30a215964a4068a4b7_1,IERC721Enumerable,balanceOf(address),balanceOf,70a08231
0xd5500f15abdab81f4ede3a30a215964a4068a4b7_1,IERC721Enumerable,getApproved(uint256),getApproved,081812fc
0xd5500f15abdab81f4ede3a30a215964a4068a4b7_1,IERC721Enumerable,"isApprovedForAll(address,address)",isApprovedForAll,e985e9c5
0xd5500f15abdab81f4ede3a30a215964a4068a4b7_1,IERC721Enumerable,ownerOf(uint256),ownerOf,6352211e
0xd5500f15abdab81f4ede3a30a215964a4068a4b7_1,IERC721Enumerable,"safeTransferFrom(address,address,uint256)",safeTransferFrom,42842e0e
0xd5500f15abdab81f4ede3a30a215964a4068a4b7_1,IERC721Enumerable,"safeTransferFrom(address,address,uint256,bytes)",safeTransferFrom,b88d4fde
0xd5500f15abdab81f4ede3a30a215964a4068a4b7_1,IERC721Enumerable,"setApprovalForAll(address,bool)",setApprovalForAll,a22cb465
0xd5500f15abdab81f4ede3a30a215964a4068a4b7_1,IERC721Enumerable,supportsInterface(bytes4),supportsInterface,01ffc9a7
0xd5500f15abdab81f4ede3a30a215964a4068a4b7_1,IERC721Enumerable,tokenByIndex(uint256),tokenByIndex,4f6ccce7
0xd5500f15abdab81f4ede3a30a215964a4068a4b7_1,IERC721Enumerable,"tokenOfOwnerByIndex(address,uint256)",tokenOfOwnerByIndex,2f745c59
0xd5500f15abdab81f4ede3a30a215964a4068a4b7_1,IERC721Enumerable,totalSupply(),totalSupply,18160ddd
0xd5500f15abdab81f4ede3a30a215964a4068a4b7_1,IERC721Enumerable,"transferFrom(address,address,uint256)",transferFrom,23b872dd
0xd5500f15abdab81f4ede3a30a215964a4068a4b7_1,IERC721Metadata,"approve(address,uint256)",approve,095ea7b3
0xd5500f15abdab81f4ede3a30a215964a4068a4b7_1,IERC721Metadata,balanceOf(address),balanceOf,70a08231
0xd5500f15abdab81f4ede3a30a215964a4068a4b7_1,IERC721Metadata,getApproved(uint256),getApproved,081812fc
0xd5500f15abdab81f4ede3a30a215964a4068a4b7_1,IERC721Metadata,"isApprovedForAll(address,address)",isApprovedForAll,e985e9c5
0xd5500f15abdab81f4ede3a30a215964a4068a4b7_1,IERC721Metadata,name(),name,06fdde03
0xd5500f15abdab81f4ede3a30a215964a4068a4b7_1,IERC721Metadata,ownerOf(uint256),ownerOf,6352211e
0xd5500f15abdab81f4ede3a30a215964a4068a4b7_1,IERC721Metadata,"safeTransferFrom(address,address,uint256)",safeTransferFrom,42842e0e
0xd5500f15abdab81f4ede3a30a215964a4068a4b7_1,IERC721Metadata,"safeTransferFrom(address,address,uint256,bytes)",safeTransferFrom,b88d4fde
0xd5500f15abdab81f4ede3a30a215964a4068a4b7_1,IERC721Metadata,"setApprovalForAll(address,bool)",setApprovalForAll,a22cb465
0xd5500f15abdab81f4ede3a30a215964a4068a4b7_1,IERC721Metadata,supportsInterface(bytes4),supportsInterface,01ffc9a7
0xd5500f15abdab81f4ede3a30a215964a4068a4b7_1,IERC721Metadata,symbol(),symbol,95d89b41
0xd5500f15abdab81f4ede3a30a215964a4068a4b7_1,IERC721Metadata,tokenURI(uint256),tokenURI,c87b56dd
0xd5500f15abdab81f4ede3a30a215964a4068a4b7_1,IERC721Metadata,"transferFrom(address,address,uint256)",transferFrom,23b872dd
0xd5500f15abdab81f4ede3a30a215964a4068a4b7_1,IERC721Receiver,"onERC721Received(address,address,uint256,bytes)",onERC721Received,150b7a02
0xe4822c7b7711e245189cebfa755af32faf0a4ed4_1,ERC20,"allowance(address,address)",allowance,dd62ed3e
0xe4822c7b7711e245189cebfa755af32faf0a4ed4_1,ERC20,balanceOf(address),balanceOf,70a08231
0xe4822c7b7711e245189cebfa755af32faf0a4ed4_1,ERC20,"transfer(address,uint256)",transfer,a9059cbb
0xe4822c7b7711e245189cebfa755af32faf0a4ed4_1,ERC20,"transferFrom(address,address,uint256)",transferFrom,23b872dd
0xe4822c7b7711e245189cebfa755af32faf0a4ed4_1,Oracle,"getUniOutput(uint256,address,address)",getUniOutput,69a9984d
0xe4822c7b7711e245189cebfa755af32faf0a4ed4_1,Ownable,owner(),owner,8da5cb5b
0xe4822c7b7711e245189cebfa755af32faf0a4ed4_1,Ownable,transferOwnership(address),transferOwnership,f2fde38b
0xe4822c7b7711e245189cebfa755af32faf0a4ed4_1,dcStake,balanceOf(address),balanceOf,70a08231
0xe4822c7b7711e245189cebfa755af32faf0a4ed4_1,dcStake,dcoin(),dcoin,70ef131e
0xe4822c7b7711e245189cebfa755af32faf0a4ed4_1,dcStake,dcoinRecords(address),dcoinRecords,ee5849e5
0xe4822c7b7711e245189cebfa755af32faf0a4ed4_1,dcStake,ethRecords(address),ethRecords,b48eb9e5
0xe4822c7b7711e245189cebfa755af32faf0a4ed4_1,dcStake,govWithdrawEther(uint256),govWithdrawEther,19abbb33
0xe4822c7b7711e245189cebfa755af32faf0a4ed4_1,dcStake,govWithdrawToken(uint256),govWithdrawToken,06fd3b54
0xe4822c7b7711e245189cebfa755af32faf0a4ed4_1,dcStake,oracle(),oracle,7dc0d1d0
0xe4822c7b7711e245189cebfa755af32faf0a4ed4_1,dcStake,owner(),owner,8da5cb5b
0xe4822c7b7711e245189cebfa755af32faf0a4ed4_1,dcStake,priceEth2DCoin(uint256),priceEth2DCoin,5b72927c
0xe4822c7b7711e245189cebfa755af32faf0a4ed4_1,dcStake,setBurnRate(uint256),setBurnRate,189d165e
0xe4822c7b7711e245189cebfa755af32faf0a4ed4_1,dcStake,setOracle(address),setOracle,7adbf973
0xe4822c7b7711e245189cebfa755af32faf0a4ed4_1,dcStake,stakeWithEth(),stakeWithEth,4843ed10
0xe4822c7b7711e245189cebfa755af32faf0a4ed4_1,dcStake,transferOwnership(address),transferOwnership,f2fde38b
0xe4822c7b7711e245189cebfa755af32faf0a4ed4_1,dcStake,usdg(),usdg,f5b91b7b
0xe4822c7b7711e245189cebfa755af32faf0a4ed4_1,dcStake,usdt(),usdt,2f48ab7d
0xe4822c7b7711e245189cebfa755af32faf0a4ed4_1,dcStake,weth(),weth,3fc8cef3
0xe4822c7b7711e245189cebfa755af32faf0a4ed4_1,dcStake,withdraw(),withdraw,3ccfd60b
0xb7c5c5aa4d42967efe906e1b66cb8df9cebf04f7,keepMyEther,balances(address),balances,27e235e3
0xb7c5c5aa4d42967efe906e1b66cb8df9cebf04f7,keepMyEther,withdraw(),withdraw,3ccfd60b
spank_chain_payment,ECTools,hexstrToBytes(string),hexstrToBytes,1445f713
spank_chain_payment,ECTools,"isSignedBy(bytes32,string,address)",isSignedBy,1052506f
spank_chain_payment,ECTools,parseInt16Char(string),parseInt16Char,38b025b2
spank_chain_payment,ECTools,"recoverSigner(bytes32,string)",recoverSigner,dca95419
spank_chain_payment,ECTools,"substring(string,uint256,uint256)",substring,1dcd9b55
spank_chain_payment,ECTools,toEthereumSignedMessage(string),toEthereumSignedMessage,dae21454
spank_chain_payment,ECTools,uintToBytes32(uint256),uintToBytes32,886d3db9
spank_chain_payment,ECTools,uintToString(uint256),uintToString,e9395679
spank_chain_payment,HumanStandardToken,"allowance(address,address)",allowance,dd62ed3e
spank_chain_payment,HumanStandardToken,"approve(address,uint256)",approve,095ea7b3
spank_chain_payment,HumanStandardToken,"approveAndCall(address,uint256,bytes)",approveAndCall,cae9ca51
spank_chain_payment,HumanStandardToken,balanceOf(address),balanceOf,70a08231
spank_chain_payment,HumanStandardToken,decimals(),decimals,313ce567
spank_chain_payment,HumanStandardToken,name(),name,06fdde03
spank_chain_payment,HumanStandardToken,symbol(),symbol,95d89b41
spank_chain_payment,HumanStandardToken,totalSupply(),totalSupply,18160ddd
spank_chain_payment,HumanStandardToken,"transfer(address,uint256)",transfer,a9059cbb
spank_chain_payment,HumanStandardToken,"transferFrom(address,address,uint256)",transferFrom,23b872dd
spank_chain_payment,HumanStandardToken,version(),version,54fd4d50
spank_chain_payment,LedgerChannel,Channels(bytes32),Channels,d32fc05a
spank_chain_payment,LedgerChannel,LCOpenTimeout(bytes32),LCOpenTimeout,002e1d7e
spank_chain_payment,LedgerChannel,NAME(),NAME,a3f4df7e
spank_chain_payment,LedgerChannel,VERSION(),VERSION,ffa1ad74
spank_chain_payment,LedgerChannel,byzantineCloseChannel(bytes32),byzantineCloseChannel,ce329570
spank_chain_payment,LedgerChannel,"closeVirtualChannel(bytes32,bytes32)",closeVirtualChannel,fdb04023
spank_chain_payment,LedgerChannel,"consensusCloseChannel(bytes32,uint256,uint256[4],string,string)",consensusCloseChannel,4247a0ba
spank_chain_payment,LedgerChannel,"createChannel(bytes32,address,uint256,address,uint256[2])",createChannel,aeba142c
spank_chain_payment,LedgerChannel,"deposit(bytes32,address,uint256,bool)",deposit,cb2ec895
spank_chain_payment,LedgerChannel,getChannel(bytes32),getChannel,831c2b82
spank_chain_payment,LedgerChannel,getVirtualChannel(bytes32),getVirtualChannel,f87c77c0
spank_chain_payment,LedgerChannel,"initVCstate(bytes32,bytes32,bytes,address,address,uint256[2],uint256[4],string)",initVCstate,aeeec12f
spank_chain_payment,LedgerChannel,"joinChannel(bytes32,uint256[2])",joinChannel,23866438
spank_chain_payment,LedgerChannel,numChannels(),numChannels,65dd43eb
spank_chain_payment,LedgerChannel,"settleVC(bytes32,bytes32,uint256,address,address,uint256[4],string)",settleVC,d83866e9
spank_chain_payment,LedgerChannel,"updateLCstate(bytes32,uint256[6],bytes32,string,string)",updateLCstate,e07d39bd
spank_chain_payment,LedgerChannel,virtualChannels(bytes32),virtualChannels,16940125
spank_chain_payment,StandardToken,"allowance(address,address)",allowance,dd62ed3e
spank_chain_payment,StandardToken,"approve(address,uint256)",approve,095ea7b3
spank_chain_payment,StandardToken,balanceOf(address),balanceOf,70a08231
spank_chain_payment,StandardToken,totalSupply(),totalSupply,18160ddd
spank_chain_payment,StandardToken,"transfer(address,uint256)",transfer,a9059cbb
spank_chain_payment,StandardToken,"transferFrom(address,address,uint256)",transferFrom,23b872dd
spank_chain_payment,Token,"allowance(address,address)",allowance,dd62ed3e
spank_chain_payment,Token,"approve(address,uint256)",approve,095ea7b3
spank_chain_payment,Token,balanceOf(address),balanceOf,70a08231
spank_chain_payment,Token,totalSupply(),totalSupply,18160ddd
spank_chain_payment,Token,"transfer(address,uint256)",transfer,a9059cbb
spank_chain_payment,Token,"transferFrom(address,address,uint256)",transferFrom,23b872dd
0x463f235748bc7862deaa04d85b4b16ac8fafef39,Log,"AddMessage(address,uint256,string)",AddMessage,4c2f04a4
0x463f235748bc7862deaa04d85b4b16ac8fafef39,Log,History(uint256),History,a21f0368
0x463f235748bc7862deaa04d85b4b16ac8fafef39,PrivateBank,CashOut(uint256),CashOut,9ffa0711
0x463f235748bc7862deaa04d85b4b16ac8fafef39,PrivateBank,Deposit(),Deposit,ed21248c
0x463f235748bc7862deaa04d85b4b16ac8fafef39,PrivateBank,GetBal(),GetBal,bf8869b5
0x463f235748bc7862deaa04d85b4b16ac8fafef39,PrivateBank,MinDeposit(),MinDeposit,11bcd830
0xbabfe0ae175b847543724c386700065137d30e3b,Log,"AddMessage(address,uint256,string)",AddMessage,4c2f04a4
0xbabfe0ae175b847543724c386700065137d30e3b,Log,History(uint256),History,a21f0368
0xbabfe0ae175b847543724c386700065137d30e3b,Log,LastMsg(),LastMsg,222a95ee
0xbabfe0ae175b847543724c386700065137d30e3b,PrivateBank,CashOut(uint256),CashOut,9ffa0711
0xbabfe0ae175b847543724c386700065137d30e3b,PrivateBank,Deposit(),Deposit,ed21248c
0xbabfe0ae175b847543724c386700065137d30e3b,PrivateBank,GetBal(),GetBal,bf8869b5
0xbabfe0ae175b847543724c386700065137d30e3b,PrivateBank,MinDeposit(),MinDeposit,11bcd830
0xbabfe0ae175b847543724c386700065137d30e3b,PrivateBank,bal(),bal,3d79d1c8
0x01f8c4e3fa3edeb29e514cba738d87ce8c091d3f,LogFile,"AddMessage(address,uint256,string)",AddMessage,4c2f04a4
0x01f8c4e3fa3edeb29e514cba738d87ce8c091d3f,LogFile,History(uint256),History,a21f0368
0x01f8c4e3fa3edeb29e514cba738d87ce8c091d3f,PERSONAL_BANK,Collect(uint256),Collect,3fe43822
0x01f8c4e3fa3edeb29e514cba738d87ce8c091d3f,PERSONAL_BANK,Deposit(),Deposit,ed21248c
0x01f8c4e3fa3edeb29e514cba738d87ce8c091d3f,PERSONAL_BANK,Initialized(),Initialized,5daa87a0
0x01f8c4e3fa3edeb29e514cba738d87ce8c091d3f,PERSONAL_BANK,MinSum(),MinSum,c2808d1a
0x01f8c4e3fa3edeb29e514cba738d87ce8c091d3f,PERSONAL_BANK,SetLogFile(address),SetLogFile,303b9379
0x01f8c4e3fa3edeb29e514cba738d87ce8c091d3f,PERSONAL_BANK,SetMinSum(uint256),SetMinSum,640d3017
0x01f8c4e3fa3edeb29e514cba738d87ce8c091d3f,PERSONAL_BANK,balances(address),balances,27e235e3
reentrancy_insecure,Reentrancy_insecure,deposit(),deposit,d0e30db0
reentrancy_insecure,Reentrancy_insecure,withdrawBalance(),withdrawBalance,5fd8c710
0x33813C2f2AAB62aC88C234858a1f08448424828f_1,Balance,balances(address),balances,27e235e3
0x33813C2f2AAB62aC88C234858a1f08448424828f_1,Balance,claim(),claim,4e71d92d
0x33813C2f2AAB62aC88C234858a1f08448424828f_1,BalanceStorage,balances(address),balances,27e235e3
0x33813C2f2AAB62aC88C234858a1f08448424828f_1,Maintainer,maintainer(),maintainer,9850d32b
0x33813C2f2AAB62aC88C234858a1f08448424828f_1,Maintainer,setMaintainer(address),setMaintainer,13ea5d29
0x33813C2f2AAB62aC88C234858a1f08448424828f_1,Ownable,owner(),owner,8da5cb5b
0x33813C2f2AAB62aC88C234858a1f08448424828f_1,Ownable,renounceOwnership(),renounceOwnership,715018a6
0x33813C2f2AAB62aC88C234858a1f08448424828f_1,Ownable,transferOwnership(address),transferOwnership,f2fde38b
0x33813C2f2AAB62aC88C234858a1f08448424828f_1,Round,amount(),amount,aa8c217c
0x33813C2f2AAB62aC88C234858a1f08448424828f_1,Round,fee(),fee,ddca3f43
0x33813C2f2AAB62aC88C234858a1f08448424828f_1,Round,getCurrentRound(),getCurrentRound,a32bf597
0x33813C2f2AAB62aC88C234858a1f08448424828f_1,Round,getCurrentRoundNumber(),getCurrentRoundNumber,6150ef6b
0x33813C2f2AAB62aC88C234858a1f08448424828f_1,Round,roundTime(),roundTime,ee5f8c8f
0x33813C2f2AAB62aC88C234858a1f08448424828f_1,Round,rounds(uint256),rounds,8c65c81f
0x33813C2f2AAB62aC88C234858a1f08448424828f_1,RoundStorage,amount(),amount,aa8c217c
0x33813C2f2AAB62aC88C234858a1f08448424828f_1,RoundStorage,fee(),fee,ddca3f43
0x33813C2f2AAB62aC88C234858a1f08448424828f_1,RoundStorage,roundTime(),roundTime,ee5f8c8f
0x33813C2f2AAB62aC88C234858a1f08448424828f_1,RoundStorage,rounds(uint256),rounds,8c65c81f
0x33813C2f2AAB62aC88C234858a1f08448424828f_1,RunningMan,amount(),amount,aa8c217c
0x33813C2f2AAB62aC88C234858a1f08448424828f_1,RunningMan,balances(address),balances,27e235e3
0x33813C2f2AAB62aC88C234858a1f08448424828f_1,RunningMan,bet(),bet,11610c25
0x33813C2f2AAB62aC88C234858a1f08448424828f_1,RunningMan,claim(),claim,4e71d92d
0x33813C2f2AAB62aC88C234858a1f08448424828f_1,RunningMan,fee(),fee,ddca3f43
0x33813C2f2AAB62aC88C234858a1f08448424828f_1,RunningMan,"getBalance(uint256,address)",getBalance,b0a79459
0x33813C2f2AAB62aC88C234858a1f08448424828f_1,RunningMan,getCurrentRound(),getCurrentRound,a32bf597
0x33813C2f2AAB62aC88C234858a1f08448424828f_1,RunningMan,getCurrentRoundBalance(),getCurrentRoundBalance,b2c0ccc8
0x33813C2f2AAB62aC88C234858a1f08448424828f_1,RunningMan,getCurrentRoundNumber(),getCurrentRoundNumber,6150ef6b
0x33813C2f2AAB62aC88C234858a1f08448424828f_1,RunningMan,"getPlayer(uint256,address)",getPlayer,6454e58d
0x33813C2f2AAB62aC88C234858a1f08448424828f_1,RunningMan,getRoundPlayers(uint256),getRoundPlayers,776e11dd
0x33813C2f2AAB62aC88C234858a1f08448424828f_1,RunningMan,maintainer(),maintainer,9850d32b
0x33813C2f2AAB62aC88C234858a1f08448424828f_1,RunningMan,owner(),owner,8da5cb5b
0x33813C2f2AAB62aC88C234858a1f08448424828f_1,RunningMan,"players(uint256,uint256)",players,998f1b80
0x33813C2f2AAB62aC88C234858a1f08448424828f_1,RunningMan,renounceOwnership(),renounceOwnership,715018a6
0x33813C2f2AAB62aC88C234858a1f08448424828f_1,RunningMan,reset(),reset,d826f88f
0x33813C2f2AAB62aC88C234858a1f08448424828f_1,RunningMan,roundTime(),roundTime,ee5f8c8f
0x33813C2f2AAB62aC88C234858a1f08448424828f_1,RunningMan,rounds(uint256),rounds,8c65c81f
0x33813C2f2AAB62aC88C234858a1f08448424828f_1,RunningMan,setMaintainer(address),setMaintainer,13ea5d29
0x33813C2f2AAB62aC88C234858a1f08448424828f_1,RunningMan,"setRules(uint256,uint256,uint256,uint256)",setRules,247d9bb9
0x33813C2f2AAB62aC88C234858a1f08448424828f_1,RunningMan,transferOwnership(address),transferOwnership,f2fde38b
0x33813C2f2AAB62aC88C234858a1f08448424828f_1,RunningMan,winPercent(),winPercent,9e639858
0xb5e1b1ee15c6fa0e48fce100125569d430f1bd12,Log,"AddMessage(address,uint256,string)",AddMessage,4c2f04a4
0xb5e1b1ee15c6fa0e48fce100125569d430f1bd12,Log,History(uint256),History,a21f0368
0xb5e1b1ee15c6fa0e48fce100125569d430f1bd12,Private_Bank,CashOut(uint256),CashOut,9ffa0711
0xb5e1b1ee15c6fa0e48fce100125569d430f1bd12,Private_Bank,Deposit(),Deposit,ed21248c
0xb5e1b1ee15c6fa0e48fce100125569d430f1bd12,Private_Bank,MinDeposit(),MinDeposit,11bcd830
0xb5e1b1ee15c6fa0e48fce100125569d430f1bd12,Private_Bank,balances(address),balances,27e235e3
0xfe1b613f17f984e27239b0b2dccfb1778888dfae,AddressSet,add(address),add,0a3b0a4f
0xfe1b613f17f984e27239b0b2dccfb1778888dfae,AddressSet,addresses(),addresses,da0321cd
0xfe1b613f17f984e27239b0b2dccfb1778888dfae,AddressSet,entries(address),entries,f29ee125
0xfe1b613f17f984e27239b0b2dccfb1778888dfae,AddressSet,has(address),has,21887c3d
0xfe1b613f17f984e27239b0b2dccfb1778888dfae,AddressSet,owner(),owner,8da5cb5b
0xfe1b613f17f984e27239b0b2dccfb1778888dfae,AddressSet,remove(address),remove,29092d0e
0xfe1b613f17f984e27239b0b2dccfb1778888dfae,AddressSet,size(),size,949d225d
0xfe1b613f17f984e27239b0b2dccfb1778888dfae,Bankrollable,addBankroll(),addBankroll,148105ab
0xfe1b613f17f984e27239b0b2dccfb1778888dfae,Bankrollable,addToWhitelist(address),addToWhitelist,e43252d7
0xfe1b613f17f984e27239b0b2dccfb1778888dfae,Bankrollable,bankroll(),bankroll,0c657eb0
0xfe1b613f17f984e27239b0b2dccfb1778888dfae,Bankrollable,bankrollAvailable(),bankrollAvailable,01a413b9
0xfe1b613f17f984e27239b0b2dccfb1778888dfae,Bankrollable,bankrolledBy(address),bankrolledBy,4949d9fa
0xfe1b613f17f984e27239b0b2dccfb1778888dfae,Bankrollable,bankrollerTable(),bankrollerTable,42d1f17f
0xfe1b613f17f984e27239b0b2dccfb1778888dfae,Bankrollable,getCollateral(),getCollateral,5c1548fb
0xfe1b613f17f984e27239b0b2dccfb1778888dfae,Bankrollable,getOwner(),getOwner,893d20e8
0xfe1b613f17f984e27239b0b2dccfb1778888dfae,Bankrollable,getRegistry(),getRegistry,5ab1bd53
0xfe1b613f17f984e27239b0b2dccfb1778888dfae,Bankrollable,getTreasury(),getTreasury,3b19e84a
0xfe1b613f17f984e27239b0b2dccfb1778888dfae,Bankrollable,getWhitelistOwner(),getWhitelistOwner,b94371ec
0xfe1b613f17f984e27239b0b2dccfb1778888dfae,Bankrollable,ledger(),ledger,56397c35
0xfe1b613f17f984e27239b0b2dccfb1778888dfae,Bankrollable,profits(),profits,2b36a657
0xfe1b613f17f984e27239b0b2dccfb1778888dfae,Bankrollable,profitsSent(),profitsSent,ec503611
0xfe1b613f17f984e27239b0b2dccfb1778888dfae,Bankrollable,profitsTotal(),profitsTotal,9f0f78ca
0xfe1b613f17f984e27239b0b2dccfb1778888dfae,Bankrollable,"removeBankroll(uint256,string)",removeBankroll,6c85c727
0xfe1b613f17f984e27239b0b2dccfb1778888dfae,Bankrollable,removeFromWhitelist(address),removeFromWhitelist,8ab1d681
0xfe1b613f17f984e27239b0b2dccfb1778888dfae,Bankrollable,sendProfits(),sendProfits,5acfefee
0xfe1b613f17f984e27239b0b2dccfb1778888dfae,Bankrollable,whitelist(),whitelist,93e59dc1
0xfe1b613f17f984e27239b0b2dccfb1778888dfae,IRegistry,addressOf(bytes32),addressOf,bb34534c
0xfe1b613f17f984e27239b0b2dccfb1778888dfae,IRegistry,owner(),owner,8da5cb5b
0xfe1b613f17f984e27239b0b2dccfb1778888dfae,ITreasury,issueDividend(),issueDividend,506aaede
0xfe1b613f17f984e27239b0b2dccfb1778888dfae,ITreasury,profitsSendable(),profitsSendable,eb60082b
0xfe1b613f17f984e27239b0b2dccfb1778888dfae,InstaDice,addBankroll(),addBankroll,148105ab
0xfe1b613f17f984e27239b0b2dccfb1778888dfae,InstaDice,addToWhitelist(address),addToWhitelist,e43252d7
0xfe1b613f17f984e27239b0b2dccfb1778888dfae,InstaDice,bankroll(),bankroll,0c657eb0
0xfe1b613f17f984e27239b0b2dccfb1778888dfae,InstaDice,bankrollAvailable(),bankrollAvailable,01a413b9
0xfe1b613f17f984e27239b0b2dccfb1778888dfae,InstaDice,bankrolledBy(address),bankrolledBy,4949d9fa
0xfe1b613f17f984e27239b0b2dccfb1778888dfae,InstaDice,bankrollerTable(),bankrollerTable,42d1f17f
0xfe1b613f17f984e27239b0b2dccfb1778888dfae,InstaDice,"changeSettings(uint64,uint64,uint8,uint8,uint16)",changeSettings,5b5bbb31
0xfe1b613f17f984e27239b0b2dccfb1778888dfae,InstaDice,"computePayout(uint256,uint256)",computePayout,840b7403
0xfe1b613f17f984e27239b0b2dccfb1778888dfae,InstaDice,"computeResult(uint32,uint32)",computeResult,83586713
0xfe1b613f17f984e27239b0b2dccfb1778888dfae,InstaDice,curMaxBet(),curMaxBet,8bb7819f
0xfe1b613f17f984e27239b0b2dccfb1778888dfae,InstaDice,effectiveMaxBet(),effectiveMaxBet,45279c81
0xfe1b613f17f984e27239b0b2dccfb1778888dfae,InstaDice,feeBips(),feeBips,d22290a4
0xfe1b613f17f984e27239b0b2dccfb1778888dfae,InstaDice,getAdmin(),getAdmin,6e9960c3
0xfe1b613f17f984e27239b0b2dccfb1778888dfae,InstaDice,getCollateral(),getCollateral,5c1548fb
0xfe1b613f17f984e27239b0b2dccfb1778888dfae,InstaDice,getOwner(),getOwner,893d20e8
0xfe1b613f17f984e27239b0b2dccfb1778888dfae,InstaDice,getRegistry(),getRegistry,5ab1bd53
0xfe1b613f17f984e27239b0b2dccfb1778888dfae,InstaDice,getTreasury(),getTreasury,3b19e84a
0xfe1b613f17f984e27239b0b2dccfb1778888dfae,InstaDice,getWhitelistOwner(),getWhitelistOwner,b94371ec
0xfe1b613f17f984e27239b0b2dccfb1778888dfae,InstaDice,ledger(),ledger,56397c35
0xfe1b613f17f984e27239b0b2dccfb1778888dfae,InstaDice,maxBet(),maxBet,2e5b2168
0xfe1b613f17f984e27239b0b2dccfb1778888dfae,InstaDice,maxNumber(),maxNumber,3a4f6999
0xfe1b613f17f984e27239b0b2dccfb1778888dfae,InstaDice,minBet(),minBet,9619367d
0xfe1b613f17f984e27239b0b2dccfb1778888dfae,InstaDice,minNumber(),minNumber,55b93031
0xfe1b613f17f984e27239b0b2dccfb1778888dfae,InstaDice,numRolls(),numRolls,f19798ab
0xfe1b613f17f984e27239b0b2dccfb1778888dfae,InstaDice,numUsers(),numUsers,19a50f49
0xfe1b613f17f984e27239b0b2dccfb1778888dfae,InstaDice,payoutPreviousRoll(),payoutPreviousRoll,3892be14
0xfe1b613f17f984e27239b0b2dccfb1778888dfae,InstaDice,profits(),profits,2b36a657
0xfe1b613f17f984e27239b0b2dccfb1778888dfae,InstaDice,profitsSent(),profitsSent,ec503611
0xfe1b613f17f984e27239b0b2dccfb1778888dfae,InstaDice,profitsTotal(),profitsTotal,9f0f78ca
0xfe1b613f17f984e27239b0b2dccfb1778888dfae,InstaDice,"removeBankroll(uint256,string)",removeBankroll,6c85c727
0xfe1b613f17f984e27239b0b2dccfb1778888dfae,InstaDice,removeFromWhitelist(address),removeFromWhitelist,8ab1d681
0xfe1b613f17f984e27239b0b2dccfb1778888dfae,InstaDice,roll(uint8),roll,6bf0f4a1
0xfe1b613f17f984e27239b0b2dccfb1778888dfae,InstaDice,sendProfits(),sendProfits,5acfefee
0xfe1b613f17f984e27239b0b2dccfb1778888dfae,InstaDice,totalWagered(),totalWagered,8a14f12c
0xfe1b613f17f984e27239b0b2dccfb1778888dfae,InstaDice,totalWon(),totalWon,b3ff277d
0xfe1b613f17f984e27239b0b2dccfb1778888dfae,InstaDice,users(address),users,a87430ba
0xfe1b613f17f984e27239b0b2dccfb1778888dfae,InstaDice,version(),version,54fd4d50
0xfe1b613f17f984e27239b0b2dccfb1778888dfae,InstaDice,whitelist(),whitelist,93e59dc1
0xfe1b613f17f984e27239b0b2dccfb1778888dfae,Ledger,"add(address,uint256)",add,f5d82b6b
0xfe1b613f17f984e27239b0b2dccfb1778888dfae,Ledger,balanceOf(address),balanceOf,70a08231
0xfe1b613f17f984e27239b0b2dccfb1778888dfae,Ledger,balances(),balances,7bb98a68
0xfe1b613f17f984e27239b0b2dccfb1778888dfae,Ledger,entries(address),entries,f29ee125
0xfe1b613f17f984e27239b0b2dccfb1778888dfae,Ledger,owner(),owner,8da5cb5b
0xfe1b613f17f984e27239b0b2dccfb1778888dfae,Ledger,size(),size,949d225d
0xfe1b613f17f984e27239b0b2dccfb1778888dfae,Ledger,"subtract(address,uint256)",subtract,68c6b11a
0xfe1b613f17f984e27239b0b2dccfb1778888dfae,Ledger,total(),total,2ddbd13a
0xfe1b613f17f984e27239b0b2dccfb1778888dfae,UsingAdmin,getAdmin(),getAdmin,6e9960c3
0xfe1b613f17f984e27239b0b2dccfb1778888dfae,UsingAdmin,getOwner(),getOwner,893d20e8
0xfe1b613f17f984e27239b0b2dccfb1778888dfae,UsingAdmin,getRegistry(),getRegistry,5ab1bd53
0xfe1b613f17f984e27239b0b2dccfb1778888dfae,UsingRegistry,getOwner(),getOwner,893d20e8
0xfe1b613f17f984e27239b0b2dccfb1778888dfae,UsingRegistry,getRegistry(),getRegistry,5ab1bd53
0xfe1b613f17f984e27239b0b2dccfb1778888dfae,UsingTreasury,getOwner(),getOwner,893d20e8
0xfe1b613f17f984e27239b0b2dccfb1778888dfae,UsingTreasury,getRegistry(),getRegistry,5ab1bd53
0xfe1b613f17f984e27239b0b2dccfb1778888dfae,UsingTreasury,getTreasury(),getTreasury,3b19e84a
0x3d184e68cf7d1acfd78a8bdf656eac20b8352988_2,CryptoHouse,_balances(address),_balances,6ebcf607
0x3d184e68cf7d1acfd78a8bdf656eac20b8352988_2,CryptoHouse,_name(),_name,d28d8852
0x3d184e68cf7d1acfd78a8bdf656eac20b8352988_2,CryptoHouse,"_operatorApprovals(address,address)",_operatorApprovals,edc3bc3f
0x3d184e68cf7d1acfd78a8bdf656eac20b8352988_2,CryptoHouse,_owners(uint256),_owners,992924a6
0x3d184e68cf7d1acfd78a8bdf656eac20b8352988_2,CryptoHouse,_symbol(),_symbol,b09f1266
0x3d184e68cf7d1acfd78a8bdf656eac20b8352988_2,CryptoHouse,_tokenApprovals(uint256),_tokenApprovals,a7cc0136
0x3d184e68cf7d1acfd78a8bdf656eac20b8352988_2,CryptoHouse,_totalSupply(),_totalSupply,3eaaf86b
0x3d184e68cf7d1acfd78a8bdf656eac20b8352988_2,CryptoHouse,"_transferHouse(address,address,uint256)",_transferHouse,b8388cc9
0x3d184e68cf7d1acfd78a8bdf656eac20b8352988_2,CryptoHouse,"acceptBidForHouse(uint256,uint256)",acceptBidForHouse,3dd10e4a
0x3d184e68cf7d1acfd78a8bdf656eac20b8352988_2,CryptoHouse,"addHouseInformation(uint256,string,string)",addHouseInformation,6a6c8c17
0x3d184e68cf7d1acfd78a8bdf656eac20b8352988_2,CryptoHouse,"approve(address,uint256)",approve,095ea7b3
0x3d184e68cf7d1acfd78a8bdf656eac20b8352988_2,CryptoHouse,author(),author,a6c3e6b9
0x3d184e68cf7d1acfd78a8bdf656eac20b8352988_2,CryptoHouse,balanceOf(address),balanceOf,70a08231
0x3d184e68cf7d1acfd78a8bdf656eac20b8352988_2,CryptoHouse,baseURI(),baseURI,6c0360eb
0x3d184e68cf7d1acfd78a8bdf656eac20b8352988_2,CryptoHouse,buyHouse(uint256),buyHouse,eddc4269
0x3d184e68cf7d1acfd78a8bdf656eac20b8352988_2,CryptoHouse,enterBidForHouse(uint256),enterBidForHouse,542e434f
0x3d184e68cf7d1acfd78a8bdf656eac20b8352988_2,CryptoHouse,getAllOwnerOf(),getAllOwnerOf,5a00600c
0x3d184e68cf7d1acfd78a8bdf656eac20b8352988_2,CryptoHouse,getApproved(uint256),getApproved,081812fc
0x3d184e68cf7d1acfd78a8bdf656eac20b8352988_2,CryptoHouse,getHouse(uint256),getHouse,3107c99d
0x3d184e68cf7d1acfd78a8bdf656eac20b8352988_2,CryptoHouse,getHouseBids(),getHouseBids,7620feb2
0x3d184e68cf7d1acfd78a8bdf656eac20b8352988_2,CryptoHouse,getHouseInfo(),getHouseInfo,97b437bd
0x3d184e68cf7d1acfd78a8bdf656eac20b8352988_2,CryptoHouse,getHouseOfferedForSale(),getHouseOfferedForSale,7614c328
0x3d184e68cf7d1acfd78a8bdf656eac20b8352988_2,CryptoHouse,houseBids(uint256),houseBids,8a9e1a4d
0x3d184e68cf7d1acfd78a8bdf656eac20b8352988_2,CryptoHouse,houseInfo(uint256),houseInfo,681070ab
0x3d184e68cf7d1acfd78a8bdf656eac20b8352988_2,CryptoHouse,houseNoLongerForSale(uint256),houseNoLongerForSale,9f4a1a53
0x3d184e68cf7d1acfd78a8bdf656eac20b8352988_2,CryptoHouse,houseOfferedForSale(uint256),houseOfferedForSale,a5ea3aa4
0x3d184e68cf7d1acfd78a8bdf656eac20b8352988_2,CryptoHouse,houseRemainingToAssign(),houseRemainingToAssign,b9a5ea44
0x3d184e68cf7d1acfd78a8bdf656eac20b8352988_2,CryptoHouse,"isApprovedForAll(address,address)",isApprovedForAll,e985e9c5
0x3d184e68cf7d1acfd78a8bdf656eac20b8352988_2,CryptoHouse,name(),name,06fdde03
0x3d184e68cf7d1acfd78a8bdf656eac20b8352988_2,CryptoHouse,"offerHouseForSale(uint256,uint256)",offerHouseForSale,9baf1536
0x3d184e68cf7d1acfd78a8bdf656eac20b8352988_2,CryptoHouse,"offerHouseForSaleInBatch(uint256[],uint256[])",offerHouseForSaleInBatch,be956d69
0x3d184e68cf7d1acfd78a8bdf656eac20b8352988_2,CryptoHouse,"offerHouseForSaleToAddress(uint256,uint256,address)",offerHouseForSaleToAddress,150e0ce4
0x3d184e68cf7d1acfd78a8bdf656eac20b8352988_2,CryptoHouse,ownerOf(uint256),ownerOf,6352211e
0x3d184e68cf7d1acfd78a8bdf656eac20b8352988_2,CryptoHouse,pendingWithdrawals(address),pendingWithdrawals,f3f43703
0x3d184e68cf7d1acfd78a8bdf656eac20b8352988_2,CryptoHouse,"safeTransferFrom(address,address,uint256)",safeTransferFrom,42842e0e
0x3d184e68cf7d1acfd78a8bdf656eac20b8352988_2,CryptoHouse,"safeTransferFrom(address,address,uint256,bytes)",safeTransferFrom,b88d4fde
0x3d184e68cf7d1acfd78a8bdf656eac20b8352988_2,CryptoHouse,"setApprovalForAll(address,bool)",setApprovalForAll,a22cb465
0x3d184e68cf7d1acfd78a8bdf656eac20b8352988_2,CryptoHouse,setBaseURI(string),setBaseURI,55f804b3
0x3d184e68cf7d1acfd78a8bdf656eac20b8352988_2,CryptoHouse,"setTokenURI(uint256,string)",setTokenURI,162094c4
0x3d184e68cf7d1acfd78a8bdf656eac20b8352988_2,CryptoHouse,supportsInterface(bytes4),supportsInterface,01ffc9a7
0x3d184e68cf7d1acfd78a8bdf656eac20b8352988_2,CryptoHouse,symbol(),symbol,95d89b41
0x3d184e68cf7d1acfd78a8bdf656eac20b8352988_2,CryptoHouse,tokenURI(uint256),tokenURI,c87b56dd
0x3d184e68cf7d1acfd78a8bdf656eac20b8352988_2,CryptoHouse,totalSupply(),totalSupply,18160ddd
0x3d184e68cf7d1acfd78a8bdf656eac20b8352988_2,CryptoHouse,"transfer(address,uint256)",transfer,a9059cbb
0x3d184e68cf7d1acfd78a8bdf656eac20b8352988_2,CryptoHouse,"transferFrom(address,address,uint256)",transferFrom,23b872dd
0x3d184e68cf7d1acfd78a8bdf656eac20b8352988_2,CryptoHouse,withdraw(),withdraw,3ccfd60b
0x3d184e68cf7d1acfd78a8bdf656eac20b8352988_2,CryptoHouse,withdrawBidForHouse(uint256),withdrawBidForHouse,befffc28
0x3d184e68cf7d1acfd78a8bdf656eac20b8352988_2,ERC165,supportsInterface(bytes4),supportsInterface,01ffc9a7
0x3d184e68cf7d1acfd78a8bdf656eac20b8352988_2,IERC165,supportsInterface(bytes4),supportsInterface,01ffc9a7
0x3d184e68cf7d1acfd78a8bdf656eac20b8352988_2,IERC721,"approve(address,uint256)",approve,095ea7b3
0x3d184e68cf7d1acfd78a8bdf656eac20b8352988_2,IERC721,balanceOf(address),balanceOf,70a08231
0x3d184e68cf7d1acfd78a8bdf656eac20b8352988_2,IERC721,getApproved(uint256),getApproved,081812fc
0x3d184e68cf7d1acfd78a8bdf656eac20b8352988_2,IERC721,"isApprovedForAll(address,address)",isApprovedForAll,e985e9c5
0x3d184e68cf7d1acfd78a8bdf656eac20b8352988_2,IERC721,ownerOf(uint256),ownerOf,6352211e
0x3d184e68cf7d1acfd78a8bdf656eac20b8352988_2,IERC721,"safeTransferFrom(address,address,uint256)",safeTransferFrom,42842e0e
0x3d184e68cf7d1acfd78a8bdf656eac20b8352988_2,IERC721,"safeTransferFrom(address,address,uint256,bytes)",safeTransferFrom,b88d4fde
0x3d184e68cf7d1acfd78a8bdf656eac20b8352988_2,IERC721,"setApprovalForAll(address,bool)",setApprovalForAll,a22cb465
0x3d184e68cf7d1acfd78a8bdf656eac20b8352988_2,IERC721,supportsInterface(bytes4),supportsInterface,01ffc9a7
0x3d184e68cf7d1acfd78a8bdf656eac20b8352988_2,IERC721,"transferFrom(address,address,uint256)",transferFrom,23b872dd
0x3d184e68cf7d1acfd78a8bdf656eac20b8352988_2,IERC721Metadata,"approve(address,uint256)",approve,095ea7b3
0x3d184e68cf7d1acfd78a8bdf656eac20b8352988_2,IERC721Metadata,balanceOf(address),balanceOf,70a08231
0x3d184e68cf7d1acfd78a8bdf656eac20b8352988_2,IERC721Metadata,getApproved(uint256),getApproved,081812fc
0x3d184e68cf7d1acfd78a8bdf656eac20b8352988_2,IERC721Metadata,"isApprovedForAll(address,address)",isApprovedForAll,e985e9c5
0x3d184e68cf7d1acfd78a8bdf656eac20b8352988_2,IERC721Metadata,name(),name,06fdde03
0x3d184e68cf7d1acfd78a8bdf656eac20b8352988_2,IERC721Metadata,ownerOf(uint256),ownerOf,6352211e
0x3d184e68cf7d1acfd78a8bdf656eac20b8352988_2,IERC721Metadata,"safeTransferFrom(address,address,uint256)",safeTransferFrom,42842e0e
0x3d184e68cf7d1acfd78a8bdf656eac20b8352988_2,IERC721Metadata,"safeTransferFrom(address,address,uint256,bytes)",safeTransferFrom,b88d4fde
0x3d184e68cf7d1acfd78a8bdf656eac20b8352988_2,IERC721Metadata,"setApprovalForAll(address,bool)",setApprovalForAll,a22cb465
0x3d184e68cf7d1acfd78a8bdf656eac20b8352988_2,IERC721Metadata,supportsInterface(bytes4),supportsInterface,01ffc9a7
0x3d184e68cf7d1acfd78a8bdf656eac20b8352988_2,IERC721Metadata,symbol(),symbol,95d89b41
0x3d184e68cf7d1acfd78a8bdf656eac20b8352988_2,IERC721Metadata,tokenURI(uint256),tokenURI,c87b56dd
0x3d184e68cf7d1acfd78a8bdf656eac20b8352988_2,IERC721Metadata,"transferFrom(address,address,uint256)",transferFrom,23b872dd
0x3d184e68cf7d1acfd78a8bdf656eac20b8352988_2,IERC721Receiver,"onERC721Received(address,address,uint256,bytes)",onERC721Received,150b7a02
0x19c320b43744254ebdbcb1f1bd0e2a3dc08e01dc_1,CryptoCatsMarket,_totalSupply(),_totalSupply,3eaaf86b
0x19c320b43744254ebdbcb1f1bd0e2a3dc08e01dc_1,CryptoCatsMarket,allCatsAssigned(),allCatsAssigned,9e3e6878
0x19c320b43744254ebdbcb1f1bd0e2a3dc08e01dc_1,CryptoCatsMarket,attributeType(uint256),attributeType,53e9dcae
0x19c320b43744254ebdbcb1f1bd0e2a3dc08e01dc_1,CryptoCatsMarket,balanceOf(address),balanceOf,70a08231
0x19c320b43744254ebdbcb1f1bd0e2a3dc08e01dc_1,CryptoCatsMarket,buyCat(uint256),buyCat,d72503ba
0x19c320b43744254ebdbcb1f1bd0e2a3dc08e01dc_1,CryptoCatsMarket,"catAttributes(uint256,uint256)",catAttributes,f7e23677
0x19c320b43744254ebdbcb1f1bd0e2a3dc08e01dc_1,CryptoCatsMarket,catIndexToAddress(uint256),catIndexToAddress,210fe93b
0x19c320b43744254ebdbcb1f1bd0e2a3dc08e01dc_1,CryptoCatsMarket,catIndexToPriceException(uint256),catIndexToPriceException,e3acc49a
0x19c320b43744254ebdbcb1f1bd0e2a3dc08e01dc_1,CryptoCatsMarket,catNoLongerForSale(uint256),catNoLongerForSale,1fd9f187
0x19c320b43744254ebdbcb1f1bd0e2a3dc08e01dc_1,CryptoCatsMarket,catReleaseToPrice(uint32),catReleaseToPrice,7b2c5148
0x19c320b43744254ebdbcb1f1bd0e2a3dc08e01dc_1,CryptoCatsMarket,catsForSale(uint256),catsForSale,9d773a1b
0x19c320b43744254ebdbcb1f1bd0e2a3dc08e01dc_1,CryptoCatsMarket,catsRemainingToAssign(),catsRemainingToAssign,ea341309
0x19c320b43744254ebdbcb1f1bd0e2a3dc08e01dc_1,CryptoCatsMarket,contractVersion(),contractVersion,a0a8e460
0x19c320b43744254ebdbcb1f1bd0e2a3dc08e01dc_1,CryptoCatsMarket,currentReleaseCeiling(),currentReleaseCeiling,ab179e9f
0x19c320b43744254ebdbcb1f1bd0e2a3dc08e01dc_1,CryptoCatsMarket,decimals(),decimals,313ce567
0x19c320b43744254ebdbcb1f1bd0e2a3dc08e01dc_1,CryptoCatsMarket,getCat(uint256),getCat,4da2b48e
0x19c320b43744254ebdbcb1f1bd0e2a3dc08e01dc_1,CryptoCatsMarket,getCatOwner(uint256),getCatOwner,b9364835
0x19c320b43744254ebdbcb1f1bd0e2a3dc08e01dc_1,CryptoCatsMarket,getCatPrice(uint256),getCatPrice,51ecfd16
0x19c320b43744254ebdbcb1f1bd0e2a3dc08e01dc_1,CryptoCatsMarket,getCatRelease(uint256),getCatRelease,9c9cc12a
0x19c320b43744254ebdbcb1f1bd0e2a3dc08e01dc_1,CryptoCatsMarket,getContractOwner(),getContractOwner,442890d5
0x19c320b43744254ebdbcb1f1bd0e2a3dc08e01dc_1,CryptoCatsMarket,imageHash(),imageHash,51605d80
0x19c320b43744254ebdbcb1f1bd0e2a3dc08e01dc_1,CryptoCatsMarket,lockTotalSupply(),lockTotalSupply,ebeb0f48
0x19c320b43744254ebdbcb1f1bd0e2a3dc08e01dc_1,CryptoCatsMarket,"migrateCatOwnersFromPreviousContract(uint256,uint256)",migrateCatOwnersFromPreviousContract,a2093e1b
0x19c320b43744254ebdbcb1f1bd0e2a3dc08e01dc_1,CryptoCatsMarket,name(),name,06fdde03
0x19c320b43744254ebdbcb1f1bd0e2a3dc08e01dc_1,CryptoCatsMarket,"offerCatForSale(uint256,uint256)",offerCatForSale,dddf33cc
0x19c320b43744254ebdbcb1f1bd0e2a3dc08e01dc_1,CryptoCatsMarket,"offerCatForSaleToAddress(uint256,uint256,address)",offerCatForSaleToAddress,55bdd4ac
0x19c320b43744254ebdbcb1f1bd0e2a3dc08e01dc_1,CryptoCatsMarket,pendingWithdrawals(address),pendingWithdrawals,f3f43703
0x19c320b43744254ebdbcb1f1bd0e2a3dc08e01dc_1,CryptoCatsMarket,previousContractAddress(),previousContractAddress,93fffddc
0x19c320b43744254ebdbcb1f1bd0e2a3dc08e01dc_1,CryptoCatsMarket,releaseCatIndexUpperBound(uint256),releaseCatIndexUpperBound,40c558b2
0x19c320b43744254ebdbcb1f1bd0e2a3dc08e01dc_1,CryptoCatsMarket,"releaseCats(uint32,uint256,uint256,string)",releaseCats,861dd0a5
0x19c320b43744254ebdbcb1f1bd0e2a3dc08e01dc_1,CryptoCatsMarket,"setAttributeType(uint256,string)",setAttributeType,a7e1a8ee
0x19c320b43744254ebdbcb1f1bd0e2a3dc08e01dc_1,CryptoCatsMarket,"setCatAttributeValue(uint256,uint256,string)",setCatAttributeValue,68d89792
0x19c320b43744254ebdbcb1f1bd0e2a3dc08e01dc_1,CryptoCatsMarket,"setCatPrice(uint256,uint256)",setCatPrice,b3c6487b
0x19c320b43744254ebdbcb1f1bd0e2a3dc08e01dc_1,CryptoCatsMarket,standard(),standard,5a3b7e42
0x19c320b43744254ebdbcb1f1bd0e2a3dc08e01dc_1,CryptoCatsMarket,symbol(),symbol,95d89b41
0x19c320b43744254ebdbcb1f1bd0e2a3dc08e01dc_1,CryptoCatsMarket,totalSupply(),totalSupply,18160ddd
0x19c320b43744254ebdbcb1f1bd0e2a3dc08e01dc_1,CryptoCatsMarket,totalSupplyIsLocked(),totalSupplyIsLocked,61718141
0x19c320b43744254ebdbcb1f1bd0e2a3dc08e01dc_1,CryptoCatsMarket,"transfer(address,uint256)",transfer,a9059cbb
0x19c320b43744254ebdbcb1f1bd0e2a3dc08e01dc_1,CryptoCatsMarket,"updateCatReleasePrice(uint32,uint256)",updateCatReleasePrice,42a4af66
0x19c320b43744254ebdbcb1f1bd0e2a3dc08e01dc_1,CryptoCatsMarket,withdraw(),withdraw,3ccfd60b
0x19c320b43744254ebdbcb1f1bd0e2a3dc08e01dc_1,PreviousCryptoCatsContract,_totalSupply(),_totalSupply,3eaaf86b
0x19c320b43744254ebdbcb1f1bd0e2a3dc08e01dc_1,PreviousCryptoCatsContract,allCatsAssigned(),allCatsAssigned,9e3e6878
0x19c320b43744254ebdbcb1f1bd0e2a3dc08e01dc_1,PreviousCryptoCatsContract,balanceOf(address),balanceOf,70a08231
0x19c320b43744254ebdbcb1f1bd0e2a3dc08e01dc_1,PreviousCryptoCatsContract,catIndexToAddress(uint256),catIndexToAddress,210fe93b
0x19c320b43744254ebdbcb1f1bd0e2a3dc08e01dc_1,PreviousCryptoCatsContract,catsRemainingToAssign(),catsRemainingToAssign,ea341309
0x19c320b43744254ebdbcb1f1bd0e2a3dc08e01dc_1,PreviousCryptoCatsContract,contractVersion(),contractVersion,a0a8e460
0x19c320b43744254ebdbcb1f1bd0e2a3dc08e01dc_1,PreviousCryptoCatsContract,currentReleaseCeiling(),currentReleaseCeiling,ab179e9f
0x19c320b43744254ebdbcb1f1bd0e2a3dc08e01dc_1,PreviousCryptoCatsContract,decimals(),decimals,313ce567
0x19c320b43744254ebdbcb1f1bd0e2a3dc08e01dc_1,PreviousCryptoCatsContract,getCatOwner(uint256),getCatOwner,b9364835
0x19c320b43744254ebdbcb1f1bd0e2a3dc08e01dc_1,PreviousCryptoCatsContract,getContractOwner(),getContractOwner,442890d5
0x19c320b43744254ebdbcb1f1bd0e2a3dc08e01dc_1,PreviousCryptoCatsContract,imageHash(),imageHash,51605d80
0x19c320b43744254ebdbcb1f1bd0e2a3dc08e01dc_1,PreviousCryptoCatsContract,name(),name,06fdde03
0x19c320b43744254ebdbcb1f1bd0e2a3dc08e01dc_1,PreviousCryptoCatsContract,previousContractAddress(),previousContractAddress,93fffddc
0x19c320b43744254ebdbcb1f1bd0e2a3dc08e01dc_1,PreviousCryptoCatsContract,standard(),standard,5a3b7e42
0x19c320b43744254ebdbcb1f1bd0e2a3dc08e01dc_1,PreviousCryptoCatsContract,symbol(),symbol,95d89b41
0x19c320b43744254ebdbcb1f1bd0e2a3dc08e01dc_1,PreviousCryptoCatsContract,totalSupply(),totalSupply,18160ddd
0x19c320b43744254ebdbcb1f1bd0e2a3dc08e01dc_1,PreviousCryptoCatsContract,totalSupplyIsLocked(),totalSupplyIsLocked,61718141
0xaf89C5E115Ab3437fC965224D317d09faa66ee3E_1,ERC165,supportsInterface(bytes4),supportsInterface,01ffc9a7
0xaf89C5E115Ab3437fC965224D317d09faa66ee3E_1,ERC721,"approve(address,uint256)",approve,095ea7b3
0xaf89C5E115Ab3437fC965224D317d09faa66ee3E_1,ERC721,balanceOf(address),balanceOf,70a08231
0xaf89C5E115Ab3437fC965224D317d09faa66ee3E_1,ERC721,getApproved(uint256),getApproved,081812fc
0xaf89C5E115Ab3437fC965224D317d09faa66ee3E_1,ERC721,"isApprovedForAll(address,address)",isApprovedForAll,e985e9c5
0xaf89C5E115Ab3437fC965224D317d09faa66ee3E_1,ERC721,ownerOf(uint256),ownerOf,6352211e
0xaf89C5E115Ab3437fC965224D317d09faa66ee3E_1,ERC721,"safeTransferFrom(address,address,uint256)",safeTransferFrom,42842e0e
0xaf89C5E115Ab3437fC965224D317d09faa66ee3E_1,ERC721,"safeTransferFrom(address,address,uint256,bytes)",safeTransferFrom,b88d4fde
0xaf89C5E115Ab3437fC965224D317d09faa66ee3E_1,ERC721,"setApprovalForAll(address,bool)",setApprovalForAll,a22cb465
0xaf89C5E115Ab3437fC965224D317d09faa66ee3E_1,ERC721,supportsInterface(bytes4),supportsInterface,01ffc9a7
0xaf89C5E115Ab3437fC965224D317d09faa66ee3E_1,ERC721,tokenURI(uint256),tokenURI,c87b56dd
0xaf89C5E115Ab3437fC965224D317d09faa66ee3E_1,ERC721,"transferFrom(address,address,uint256)",transferFrom,23b872dd
0xaf89C5E115Ab3437fC965224D317d09faa66ee3E_1,Editions,acceptOwnership(),acceptOwnership,79ba5097
0xaf89C5E115Ab3437fC965224D317d09faa66ee3E_1,Editions,"approve(address,uint256)",approve,095ea7b3
0xaf89C5E115Ab3437fC965224D317d09faa66ee3E_1,Editions,balanceOf(address),balanceOf,70a08231
0xaf89C5E115Ab3437fC965224D317d09faa66ee3E_1,Editions,buyEdition(uint256),buyEdition,bd8616ec
0xaf89C5E115Ab3437fC965224D317d09faa66ee3E_1,Editions,cancelOwnershipTransfer(),cancelOwnershipTransfer,23452b9c
0xaf89C5E115Ab3437fC965224D317d09faa66ee3E_1,Editions,changeBaseURI(string),changeBaseURI,39a0c6f9
0xaf89C5E115Ab3437fC965224D317d09faa66ee3E_1,Editions,computeFee(uint256),computeFee,e1bf9c08
0xaf89C5E115Ab3437fC965224D317d09faa66ee3E_1,Editions,contentHash(uint256),contentHash,f3e0c290
0xaf89C5E115Ab3437fC965224D317d09faa66ee3E_1,Editions,contractURI(),contractURI,e8a3d485
0xaf89C5E115Ab3437fC965224D317d09faa66ee3E_1,Editions,"createEdition(uint256,uint256,address,bytes32)",createEdition,e33a5934
0xaf89C5E115Ab3437fC965224D317d09faa66ee3E_1,Editions,"createEditionTiers((uint256,uint256,bytes32)[],address)",createEditionTiers,c7c2ade9
0xaf89C5E115Ab3437fC965224D317d09faa66ee3E_1,Editions,editions(uint256),editions,279c806e
0xaf89C5E115Ab3437fC965224D317d09faa66ee3E_1,Editions,executeFeeUpdate(),executeFeeUpdate,4438cec9
0xaf89C5E115Ab3437fC965224D317d09faa66ee3E_1,Editions,feePercent(),feePercent,7fd6f15c
0xaf89C5E115Ab3437fC965224D317d09faa66ee3E_1,Editions,feeUpdateTimelock(),feeUpdateTimelock,796a47c2
0xaf89C5E115Ab3437fC965224D317d09faa66ee3E_1,Editions,feesAccrued(),feesAccrued,94db0595
0xaf89C5E115Ab3437fC965224D317d09faa66ee3E_1,Editions,fundingBalance(address),fundingBalance,aa0ff680
0xaf89C5E115Ab3437fC965224D317d09faa66ee3E_1,Editions,getApproved(uint256),getApproved,081812fc
0xaf89C5E115Ab3437fC965224D317d09faa66ee3E_1,Editions,getRoyaltyRecipient(uint256),getRoyaltyRecipient,a015a3d8
0xaf89C5E115Ab3437fC965224D317d09faa66ee3E_1,Editions,"isApprovedForAll(address,address)",isApprovedForAll,e985e9c5
0xaf89C5E115Ab3437fC965224D317d09faa66ee3E_1,Editions,isNextOwner(),isNextOwner,ed459df2
0xaf89C5E115Ab3437fC965224D317d09faa66ee3E_1,Editions,isOwner(),isOwner,8f32d59b
0xaf89C5E115Ab3437fC965224D317d09faa66ee3E_1,Editions,name(),name,06fdde03
0xaf89C5E115Ab3437fC965224D317d09faa66ee3E_1,Editions,nextFeePercent(),nextFeePercent,b86165c6
0xaf89C5E115Ab3437fC965224D317d09faa66ee3E_1,Editions,nextFeeUpdateTime(),nextFeeUpdateTime,3719bc26
0xaf89C5E115Ab3437fC965224D317d09faa66ee3E_1,Editions,nextOwner(),nextOwner,69f3331d
0xaf89C5E115Ab3437fC965224D317d09faa66ee3E_1,Editions,owner(),owner,8da5cb5b
0xaf89C5E115Ab3437fC965224D317d09faa66ee3E_1,Editions,ownerOf(uint256),ownerOf,6352211e
0xaf89C5E115Ab3437fC965224D317d09faa66ee3E_1,Editions,queueFeeUpdate(uint16),queueFeeUpdate,74995a17
0xaf89C5E115Ab3437fC965224D317d09faa66ee3E_1,Editions,renounceOwnership(),renounceOwnership,715018a6
0xaf89C5E115Ab3437fC965224D317d09faa66ee3E_1,Editions,"safeTransferFrom(address,address,uint256)",safeTransferFrom,42842e0e
0xaf89C5E115Ab3437fC965224D317d09faa66ee3E_1,Editions,"safeTransferFrom(address,address,uint256,bytes)",safeTransferFrom,b88d4fde
0xaf89C5E115Ab3437fC965224D317d09faa66ee3E_1,Editions,"setApprovalForAll(address,bool)",setApprovalForAll,a22cb465
0xaf89C5E115Ab3437fC965224D317d09faa66ee3E_1,Editions,"setRoyaltyRecipient(uint256,address)",setRoyaltyRecipient,9e6d134d
0xaf89C5E115Ab3437fC965224D317d09faa66ee3E_1,Editions,supportsInterface(bytes4),supportsInterface,01ffc9a7
0xaf89C5E115Ab3437fC965224D317d09faa66ee3E_1,Editions,symbol(),symbol,95d89b41
0xaf89C5E115Ab3437fC965224D317d09faa66ee3E_1,Editions,tokenToEdition(uint256),tokenToEdition,602787ed
0xaf89C5E115Ab3437fC965224D317d09faa66ee3E_1,Editions,tokenURI(uint256),tokenURI,c87b56dd
0xaf89C5E115Ab3437fC965224D317d09faa66ee3E_1,Editions,"transferFrom(address,address,uint256)",transferFrom,23b872dd
0xaf89C5E115Ab3437fC965224D317d09faa66ee3E_1,Editions,transferOwnership(address),transferOwnership,f2fde38b
0xaf89C5E115Ab3437fC965224D317d09faa66ee3E_1,Editions,treasury(),treasury,61d027b3
0xaf89C5E115Ab3437fC965224D317d09faa66ee3E_1,Editions,updateTreasury(address),updateTreasury,7f51bb1f
0xaf89C5E115Ab3437fC965224D317d09faa66ee3E_1,Editions,withdrawFees(),withdrawFees,476343ee
0xaf89C5E115Ab3437fC965224D317d09faa66ee3E_1,Editions,withdrawFunds(address),withdrawFunds,68742da6
0xaf89C5E115Ab3437fC965224D317d09faa66ee3E_1,Editions,withdrawnForEdition(uint256),withdrawnForEdition,d3bb0528
0xaf89C5E115Ab3437fC965224D317d09faa66ee3E_1,IERC165,supportsInterface(bytes4),supportsInterface,01ffc9a7
0xaf89C5E115Ab3437fC965224D317d09faa66ee3E_1,IERC721,"approve(address,uint256)",approve,095ea7b3
0xaf89C5E115Ab3437fC965224D317d09faa66ee3E_1,IERC721,balanceOf(address),balanceOf,70a08231
0xaf89C5E115Ab3437fC965224D317d09faa66ee3E_1,IERC721,getApproved(uint256),getApproved,081812fc
0xaf89C5E115Ab3437fC965224D317d09faa66ee3E_1,IERC721,"isApprovedForAll(address,address)",isApprovedForAll,e985e9c5
0xaf89C5E115Ab3437fC965224D317d09faa66ee3E_1,IERC721,ownerOf(uint256),ownerOf,6352211e
0xaf89C5E115Ab3437fC965224D317d09faa66ee3E_1,IERC721,"safeTransferFrom(address,address,uint256)",safeTransferFrom,42842e0e
0xaf89C5E115Ab3437fC965224D317d09faa66ee3E_1,IERC721,"safeTransferFrom(address,address,uint256,bytes)",safeTransferFrom,b88d4fde
0xaf89C5E115Ab3437fC965224D317d09faa66ee3E_1,IERC721,"setApprovalForAll(address,bool)",setApprovalForAll,a22cb465
0xaf89C5E115Ab3437fC965224D317d09faa66ee3E_1,IERC721,"transferFrom(address,address,uint256)",transferFrom,23b872dd
0xaf89C5E115Ab3437fC965224D317d09faa66ee3E_1,IERC721Metadata,name(),name,06fdde03
0xaf89C5E115Ab3437fC965224D317d09faa66ee3E_1,IERC721Metadata,symbol(),symbol,95d89b41
0xaf89C5E115Ab3437fC965224D317d09faa66ee3E_1,IERC721Metadata,tokenURI(uint256),tokenURI,c87b56dd
0xaf89C5E115Ab3437fC965224D317d09faa66ee3E_1,IERC721Receiver,"onERC721Received(address,address,uint256,bytes)",onERC721Received,150b7a02
0x7b368c4e805c3870b6c49a3f1f49f69af8662cf3,Log,"AddMessage(address,uint256,string)",AddMessage,4c2f04a4
0x7b368c4e805c3870b6c49a3f1f49f69af8662cf3,Log,History(uint256),History,a21f0368
0x7b368c4e805c3870b6c49a3f1f49f69af8662cf3,W_WALLET,Acc(address),Acc,7731cd2a
0x7b368c4e805c3870b6c49a3f1f49f69af8662cf3,W_WALLET,Collect(uint256),Collect,3fe43822
0x7b368c4e805c3870b6c49a3f1f49f69af8662cf3,W_WALLET,MinSum(),MinSum,c2808d1a
0x7b368c4e805c3870b6c49a3f1f49f69af8662cf3,W_WALLET,Put(uint256),Put,65f3c31a
0xcb6fe98097fe7d6e00415bb6623d5fc3effa4e83,Log,"AddMessage(address,uint256,string)",AddMessage,4c2f04a4
0xcb6fe98097fe7d6e00415bb6623d5fc3effa4e83,Log,History(uint256),History,a21f0368
0xcb6fe98097fe7d6e00415bb6623d5fc3effa4e83,THE_BANK,Acc(address),Acc,7731cd2a
0xcb6fe98097fe7d6e00415bb6623d5fc3effa4e83,THE_BANK,Collect(uint256),Collect,3fe43822
0xcb6fe98097fe7d6e00415bb6623d5fc3effa4e83,THE_BANK,MinSum(),MinSum,c2808d1a
0xcb6fe98097fe7d6e00415bb6623d5fc3effa4e83,THE_BANK,Put(uint256),Put,65f3c31a
0x3d184e68cf7d1acfd78a8bdf656eac20b8352988_1,CryptoHouse,_balances(address),_balances,6ebcf607
0x3d184e68cf7d1acfd78a8bdf656eac20b8352988_1,CryptoHouse,_name(),_name,d28d8852
0x3d184e68cf7d1acfd78a8bdf656eac20b8352988_1,CryptoHouse,"_operatorApprovals(address,address)",_operatorApprovals,edc3bc3f
0x3d184e68cf7d1acfd78a8bdf656eac20b8352988_1,CryptoHouse,_owners(uint256),_owners,992924a6
0x3d184e68cf7d1acfd78a8bdf656eac20b8352988_1,CryptoHouse,_symbol(),_symbol,b09f1266
0x3d184e68cf7d1acfd78a8bdf656eac20b8352988_1,CryptoHouse,_tokenApprovals(uint256),_tokenApprovals,a7cc0136
0x3d184e68cf7d1acfd78a8bdf656eac20b8352988_1,CryptoHouse,_totalSupply(),_totalSupply,3eaaf86b
0x3d184e68cf7d1acfd78a8bdf656eac20b8352988_1,CryptoHouse,"_transferHouse(address,address,uint256)",_transferHouse,b8388cc9
0x3d184e68cf7d1acfd78a8bdf656eac20b8352988_1,CryptoHouse,"acceptBidForHouse(uint256,uint256)",acceptBidForHouse,3dd10e4a
0x3d184e68cf7d1acfd78a8bdf656eac20b8352988_1,CryptoHouse,"addHouseInformation(uint256,string,string)",addHouseInformation,6a6c8c17
0x3d184e68cf7d1acfd78a8bdf656eac20b8352988_1,CryptoHouse,"approve(address,uint256)",approve,095ea7b3
0x3d184e68cf7d1acfd78a8bdf656eac20b8352988_1,CryptoHouse,author(),author,a6c3e6b9
0x3d184e68cf7d1acfd78a8bdf656eac20b8352988_1,CryptoHouse,balanceOf(address),balanceOf,70a08231
0x3d184e68cf7d1acfd78a8bdf656eac20b8352988_1,CryptoHouse,baseURI(),baseURI,6c0360eb
0x3d184e68cf7d1acfd78a8bdf656eac20b8352988_1,CryptoHouse,buyHouse(uint256),buyHouse,eddc4269
0x3d184e68cf7d1acfd78a8bdf656eac20b8352988_1,CryptoHouse,enterBidForHouse(uint256),enterBidForHouse,542e434f
0x3d184e68cf7d1acfd78a8bdf656eac20b8352988_1,CryptoHouse,getAllOwnerOf(),getAllOwnerOf,5a00600c
0x3d184e68cf7d1acfd78a8bdf656eac20b8352988_1,CryptoHouse,getApproved(uint256),getApproved,081812fc
0x3d184e68cf7d1acfd78a8bdf656eac20b8352988_1,CryptoHouse,getHouse(uint256),getHouse,3107c99d
0x3d184e68cf7d1acfd78a8bdf656eac20b8352988_1,CryptoHouse,getHouseBids(),getHouseBids,7620feb2
0x3d184e68cf7d1acfd78a8bdf656eac20b8352988_1,CryptoHouse,getHouseInfo(),getHouseInfo,97b437bd
0x3d184e68cf7d1acfd78a8bdf656eac20b8352988_1,CryptoHouse,getHouseOfferedForSale(),getHouseOfferedForSale,7614c328
0x3d184e68cf7d1acfd78a8bdf656eac20b8352988_1,CryptoHouse,houseBids(uint256),houseBids,8a9e1a4d
0x3d184e68cf7d1acfd78a8bdf656eac20b8352988_1,CryptoHouse,houseInfo(uint256),houseInfo,681070ab
0x3d184e68cf7d1acfd78a8bdf656eac20b8352988_1,CryptoHouse,houseNoLongerForSale(uint256),houseNoLongerForSale,9f4a1a53
0x3d184e68cf7d1acfd78a8bdf656eac20b8352988_1,CryptoHouse,houseOfferedForSale(uint256),houseOfferedForSale,a5ea3aa4
0x3d184e68cf7d1acfd78a8bdf656eac20b8352988_1,CryptoHouse,houseRemainingToAssign(),houseRemainingToAssign,b9a5ea44
0x3d184e68cf7d1acfd78a8bdf656eac20b8352988_1,CryptoHouse,"isApprovedForAll(address,address)",isApprovedForAll,e985e9c5
0x3d184e68cf7d1acfd78a8bdf656eac20b8352988_1,CryptoHouse,name(),name,06fdde03
0x3d184e68cf7d1acfd78a8bdf656eac20b8352988_1,CryptoHouse,"offerHouseForSale(uint256,uint256)",offerHouseForSale,9baf1536
0x3d184e68cf7d1acfd78a8bdf656eac20b8352988_1,CryptoHouse,"offerHouseForSaleInBatch(uint256[],uint256[])",offerHouseForSaleInBatch,be956d69
0x3d184e68cf7d1acfd78a8bdf656eac20b8352988_1,CryptoHouse,"offerHouseForSaleToAddress(uint256,uint256,address)",offerHouseForSaleToAddress,150e0ce4
0x3d184e68cf7d1acfd78a8bdf656eac20b8352988_1,CryptoHouse,ownerOf(uint256),ownerOf,6352211e
0x3d184e68cf7d1acfd78a8bdf656eac20b8352988_1,CryptoHouse,pendingWithdrawals(address),pendingWithdrawals,f3f43703
0x3d184e68cf7d1acfd78a8bdf656eac20b8352988_1,CryptoHouse,"safeTransferFrom(address,address,uint256)",safeTransferFrom,42842e0e
0x3d184e68cf7d1acfd78a8bdf656eac20b8352988_1,CryptoHouse,"safeTransferFrom(address,address,uint256,bytes)",safeTransferFrom,b88d4fde
0x3d184e68cf7d1acfd78a8bdf656eac20b8352988_1,CryptoHouse,"setApprovalForAll(address,bool)",setApprovalForAll,a22cb465
0x3d184e68cf7d1acfd78a8bdf656eac20b8352988_1,CryptoHouse,setBaseURI(string),setBaseURI,55f804b3
0x3d184e68cf7d1acfd78a8bdf656eac20b8352988_1,CryptoHouse,"setTokenURI(uint256,string)",setTokenURI,162094c4
0x3d184e68cf7d1acfd78a8bdf656eac20b8352988_1,CryptoHouse,supportsInterface(bytes4),supportsInterface,01ffc9a7
0x3d184e68cf7d1acfd78a8bdf656eac20b8352988_1,CryptoHouse,symbol(),symbol,95d89b41
0x3d184e68cf7d1acfd78a8bdf656eac20b8352988_1,CryptoHouse,tokenURI(uint256),tokenURI,c87b56dd
0x3d184e68cf7d1acfd78a8bdf656eac20b8352988_1,CryptoHouse,totalSupply(),totalSupply,18160ddd
0x3d184e68cf7d1acfd78a8bdf656eac20b8352988_1,CryptoHouse,"transfer(address,uint256)",transfer,a9059cbb
0x3d184e68cf7d1acfd78a8bdf656eac20b8352988_1,CryptoHouse,"transferFrom(address,address,uint256)",transferFrom,23b872dd
0x3d184e68cf7d1acfd78a8bdf656eac20b8352988_1,CryptoHouse,withdraw(),withdraw,3ccfd60b
0x3d184e68cf7d1acfd78a8bdf656eac20b8352988_1,CryptoHouse,withdrawBidForHouse(uint256),withdrawBidForHouse,befffc28
0x3d184e68cf7d1acfd78a8bdf656eac20b8352988_1,ERC165,supportsInterface(bytes4),supportsInterface,01ffc9a7
0x3d184e68cf7d1acfd78a8bdf656eac20b8352988_1,IERC165,supportsInterface(bytes4),supportsInterface,01ffc9a7
0x3d184e68cf7d1acfd78a8bdf656eac20b8352988_1,IERC721,"approve(address,uint256)",approve,095ea7b3
0x3d184e68cf7d1acfd78a8bdf656eac20b8352988_1,IERC721,balanceOf(address),balanceOf,70a08231
0x3d184e68cf7d1acfd78a8bdf656eac20b8352988_1,IERC721,getApproved(uint256),getApproved,081812fc
0x3d184e68cf7d1acfd78a8bdf656eac20b8352988_1,IERC721,"isApprovedForAll(address,address)",isApprovedForAll,e985e9c5
0x3d184e68cf7d1acfd78a8bdf656eac20b8352988_1,IERC721,ownerOf(uint256),ownerOf,6352211e
0x3d184e68cf7d1acfd78a8bdf656eac20b8352988_1,IERC721,"safeTransferFrom(address,address,uint256)",safeTransferFrom,42842e0e
0x3d184e68cf7d1acfd78a8bdf656eac20b8352988_1,IERC721,"safeTransferFrom(address,address,uint256,bytes)",safeTransferFrom,b88d4fde
0x3d184e68cf7d1acfd78a8bdf656eac20b8352988_1,IERC721,"setApprovalForAll(address,bool)",setApprovalForAll,a22cb465
0x3d184e68cf7d1acfd78a8bdf656eac20b8352988_1,IERC721,supportsInterface(bytes4),supportsInterface,01ffc9a7
0x3d184e68cf7d1acfd78a8bdf656eac20b8352988_1,IERC721,"transferFrom(address,address,uint256)",transferFrom,23b872dd
0x3d184e68cf7d1acfd78a8bdf656eac20b8352988_1,IERC721Metadata,"approve(address,uint256)",approve,095ea7b3
0x3d184e68cf7d1acfd78a8bdf656eac20b8352988_1,IERC721Metadata,balanceOf(address),balanceOf,70a08231
0x3d184e68cf7d1acfd78a8bdf656eac20b8352988_1,IERC721Metadata,getApproved(uint256),getApproved,081812fc
0x3d184e68cf7d1acfd78a8bdf656eac20b8352988_1,IERC721Metadata,"isApprovedForAll(address,address)",isApprovedForAll,e985e9c5
0x3d184e68cf7d1acfd78a8bdf656eac20b8352988_1,IERC721Metadata,name(),name,06fdde03
0x3d184e68cf7d1acfd78a8bdf656eac20b8352988_1,IERC721Metadata,ownerOf(uint256),ownerOf,6352211e
0x3d184e68cf7d1acfd78a8bdf656eac20b8352988_1,IERC721Metadata,"safeTransferFrom(address,address,uint256)",safeTransferFrom,42842e0e
0x3d184e68cf7d1acfd78a8bdf656eac20b8352988_1,IERC721Metadata,"safeTransferFrom(address,address,uint256,bytes)",safeTransferFrom,b88d4fde
0x3d184e68cf7d1acfd78a8bdf656eac20b8352988_1,IERC721Metadata,"setApprovalForAll(address,bool)",setApprovalForAll,a22cb465
0x3d184e68cf7d1acfd78a8bdf656eac20b8352988_1,IERC721Metadata,supportsInterface(bytes4),supportsInterface,01ffc9a7
0x3d184e68cf7d1acfd78a8bdf656eac20b8352988_1,IERC721Metadata,symbol(),symbol,95d89b41
0x3d184e68cf7d1acfd78a8bdf656eac20b8352988_1,IERC721Metadata,tokenURI(uint256),tokenURI,c87b56dd
0x3d184e68cf7d1acfd78a8bdf656eac20b8352988_1,IERC721Metadata,"transferFrom(address,address,uint256)",transferFrom,23b872dd
0x3d184e68cf7d1acfd78a8bdf656eac20b8352988_1,IERC721Receiver,"onERC721Received(address,address,uint256,bytes)",onERC721Received,150b7a02
reentrancy_cross_function,Reentrancy_cross_function,deposit(),deposit,d0e30db0
reentrancy_cross_function,Reentrancy_cross_function,"transfer(address,uint256)",transfer,a9059cbb
reentrancy_cross_function,Reentrancy_cross_function,withdrawBalance(),withdrawBalance,5fd8c710
0x0ad7e0259b7e80c13074d2e08790d3c263d13d81_1,WETH,"allowance(address,address)",allowance,dd62ed3e
0x0ad7e0259b7e80c13074d2e08790d3c263d13d81_1,WETH,"approve(address,uint256)",approve,095ea7b3
0x0ad7e0259b7e80c13074d2e08790d3c263d13d81_1,WETH,balanceOf(address),balanceOf,70a08231
0x0ad7e0259b7e80c13074d2e08790d3c263d13d81_1,WETH,decimals(),decimals,313ce567
0x0ad7e0259b7e80c13074d2e08790d3c263d13d81_1,WETH,deposit(),deposit,d0e30db0
0x0ad7e0259b7e80c13074d2e08790d3c263d13d81_1,WETH,name(),name,06fdde03
0x0ad7e0259b7e80c13074d2e08790d3c263d13d81_1,WETH,symbol(),symbol,95d89b41
0x0ad7e0259b7e80c13074d2e08790d3c263d13d81_1,WETH,totalSupply(),totalSupply,18160ddd
0x0ad7e0259b7e80c13074d2e08790d3c263d13d81_1,WETH,"transfer(address,uint256)",transfer,a9059cbb
0x0ad7e0259b7e80c13074d2e08790d3c263d13d81_1,WETH,"transferFrom(address,address,uint256)",transferFrom,23b872dd
0x0ad7e0259b7e80c13074d2e08790d3c263d13d81_1,WETH,withdraw(uint256),withdraw,2e1a7d4d
0x96edbe868531bd23a6c05e9d0c424ea64fb1b78b,LogFile,"AddMessage(address,uint256,string)",AddMessage,4c2f04a4
0x96edbe868531bd23a6c05e9d0c424ea64fb1b78b,LogFile,History(uint256),History,a21f0368
0x96edbe868531bd23a6c05e9d0c424ea64fb1b78b,PENNY_BY_PENNY,Acc(address),Acc,7731cd2a
0x96edbe868531bd23a6c05e9d0c424ea64fb1b78b,PENNY_BY_PENNY,Collect(uint256),Collect,3fe43822
0x96edbe868531bd23a6c05e9d0c424ea64fb1b78b,PENNY_BY_PENNY,Initialized(),Initialized,5daa87a0
0x96edbe868531bd23a6c05e9d0c424ea64fb1b78b,PENNY_BY_PENNY,MinSum(),MinSum,c2808d1a
0x96edbe868531bd23a6c05e9d0c424ea64fb1b78b,PENNY_BY_PENNY,Put(uint256),Put,65f3c31a
0x96edbe868531bd23a6c05e9d0c424ea64fb1b78b,PENNY_BY_PENNY,SetLogFile(address),SetLogFile,303b9379
0x96edbe868531bd23a6c05e9d0c424ea64fb1b78b,PENNY_BY_PENNY,SetMinSum(uint256),SetMinSum,640d3017
simple_dao,SimpleDAO,credit(address),credit,d5d44d80
simple_dao,SimpleDAO,donate(address),donate,00362a95
simple_dao,SimpleDAO,queryCredit(address),queryCredit,59f1286d
simple_dao,SimpleDAO,withdraw(uint256),withdraw,2e1a7d4d
etherstore,EtherStore,balances(address),balances,27e235e3
etherstore,EtherStore,depositFunds(),depositFunds,e2c41dbc
etherstore,EtherStore,lastWithdrawTime(address),lastWithdrawTime,1031ec31
etherstore,EtherStore,withdrawFunds(uint256),withdrawFunds,155dd5ee
etherstore,EtherStore,withdrawalLimit(),withdrawalLimit,7ddfe78d
0x60C6b5DC066E33801F2D9F2830595490A3086B4e_1,DOERewards,balanceOf(address),balanceOf,70a08231
0x60C6b5DC066E33801F2D9F2830595490A3086B4e_1,DOERewards,earned(address),earned,008cc262
0x60C6b5DC066E33801F2D9F2830595490A3086B4e_1,DOERewards,exit(),exit,e9fad8ee
0x60C6b5DC066E33801F2D9F2830595490A3086B4e_1,DOERewards,getReward(),getReward,3d18b912
0x60C6b5DC066E33801F2D9F2830595490A3086B4e_1,DOERewards,lastTimeRewardApplicable(),lastTimeRewardApplicable,80faa57d
0x60C6b5DC066E33801F2D9F2830595490A3086B4e_1,DOERewards,lastUpdateTime(),lastUpdateTime,c8f33c91
0x60C6b5DC066E33801F2D9F2830595490A3086B4e_1,DOERewards,owner(),owner,8da5cb5b
0x60C6b5DC066E33801F2D9F2830595490A3086B4e_1,DOERewards,periodFinish(),periodFinish,ebe2b12b
0x60C6b5DC066E33801F2D9F2830595490A3086B4e_1,DOERewards,renounceOwnership(),renounceOwnership,715018a6
0x60C6b5DC066E33801F2D9F2830595490A3086B4e_1,DOERewards,rewardPerToken(),rewardPerToken,cd3daf9d
0x60C6b5DC066E33801F2D9F2830595490A3086B4e_1,DOERewards,rewardPerTokenStored(),rewardPerTokenStored,df136d65
0x60C6b5DC066E33801F2D9F2830595490A3086B4e_1,DOERewards,rewardRate(),rewardRate,7b0a47ee
0x60C6b5DC066E33801F2D9F2830595490A3086B4e_1,DOERewards,rewardToken(),rewardToken,f7c618c1
0x60C6b5DC066E33801F2D9F2830595490A3086B4e_1,DOERewards,"setRewardParams(uint128,uint64)",setRewardParams,89ee4bde
0x60C6b5DC066E33801F2D9F2830595490A3086B4e_1,DOERewards,stake(uint128),stake,88fe2be8
0x60C6b5DC066E33801F2D9F2830595490A3086B4e_1,DOERewards,"stakeFor(address,uint128)",stakeFor,70458d85
0x60C6b5DC066E33801F2D9F2830595490A3086B4e_1,DOERewards,stakedToken(),stakedToken,cc7a262e
0x60C6b5DC066E33801F2D9F2830595490A3086B4e_1,DOERewards,totalSupply(),totalSupply,18160ddd
0x60C6b5DC066E33801F2D9F2830595490A3086B4e_1,DOERewards,transferOwnership(address),transferOwnership,f2fde38b
0x60C6b5DC066E33801F2D9F2830595490A3086B4e_1,DOERewards,userRewards(address),userRewards,0660f1e8
0x60C6b5DC066E33801F2D9F2830595490A3086B4e_1,DOERewards,withdraw(uint128),withdraw,02387a7b
0x60C6b5DC066E33801F2D9F2830595490A3086B4e_1,DOERewards,withdrawReward(),withdrawReward,c885bc58
0x60C6b5DC066E33801F2D9F2830595490A3086B4e_1,IERC20,"allowance(address,address)",allowance,dd62ed3e
0x60C6b5DC066E33801F2D9F2830595490A3086B4e_1,IERC20,"approve(address,uint256)",approve,095ea7b3
0x60C6b5DC066E33801F2D9F2830595490A3086B4e_1,IERC20,balanceOf(address),balanceOf,70a08231
0x60C6b5DC066E33801F2D9F2830595490A3086B4e_1,IERC20,totalSupply(),totalSupply,18160ddd
0x60C6b5DC066E33801F2D9F2830595490A3086B4e_1,IERC20,"transfer(address,uint256)",transfer,a9059cbb
0x60C6b5DC066E33801F2D9F2830595490A3086B4e_1,IERC20,"transferFrom(address,address,uint256)",transferFrom,23b872dd
0x60C6b5DC066E33801F2D9F2830595490A3086B4e_1,Ownable,owner(),owner,8da5cb5b
0x60C6b5DC066E33801F2D9F2830595490A3086B4e_1,Ownable,renounceOwnership(),renounceOwnership,715018a6
0x60C6b5DC066E33801F2D9F2830595490A3086B4e_1,Ownable,transferOwnership(address),transferOwnership,f2fde38b
0x60C6b5DC066E33801F2D9F2830595490A3086B4e_1,StakedTokenWrapper,balanceOf(address),balanceOf,70a08231
0x60C6b5DC066E33801F2D9F2830595490A3086B4e_1,StakedTokenWrapper,"stakeFor(address,uint128)",stakeFor,70458d85
0x60C6b5DC066E33801F2D9F2830595490A3086B4e_1,StakedTokenWrapper,stakedToken(),stakedToken,cc7a262e
0x60C6b5DC066E33801F2D9F2830595490A3086B4e_1,StakedTokenWrapper,totalSupply(),totalSupply,18160ddd
0x60C6b5DC066E33801F2D9F2830595490A3086B4e_1,StakedTokenWrapper,withdraw(uint128),withdraw,02387a7b
0x232391765aacf9e075e66162ce4e453afcbf14b5_1,IERC20,balanceOf(address),balanceOf,70a08231
0x232391765aacf9e075e66162ce4e453afcbf14b5_1,IERC20,"transfer(address,uint256)",transfer,a9059cbb
0x232391765aacf9e075e66162ce4e453afcbf14b5_1,UniqlyPresale4,acceptOwnership(),acceptOwnership,79ba5097
0x232391765aacf9e075e66162ce4e453afcbf14b5_1,UniqlyPresale4,balanceOf(),balanceOf,722713f7
0x232391765aacf9e075e66162ce4e453afcbf14b5_1,UniqlyPresale4,balanceOf(address),balanceOf,70a08231
0x232391765aacf9e075e66162ce4e453afcbf14b5_1,UniqlyPresale4,collected(),collected,84bcefd4
0x232391765aacf9e075e66162ce4e453afcbf14b5_1,UniqlyPresale4,giveOwnership(address),giveOwnership,e3a0a148
0x232391765aacf9e075e66162ce4e453afcbf14b5_1,UniqlyPresale4,maxPerUser(),maxPerUser,06d586bb
0x232391765aacf9e075e66162ce4e453afcbf14b5_1,UniqlyPresale4,minPerUser(),minPerUser,5f28b383
0x232391765aacf9e075e66162ce4e453afcbf14b5_1,UniqlyPresale4,newOwner(),newOwner,d4ee1d90
0x232391765aacf9e075e66162ce4e453afcbf14b5_1,UniqlyPresale4,owner(),owner,8da5cb5b
0x232391765aacf9e075e66162ce4e453afcbf14b5_1,UniqlyPresale4,presaleEnd(),presaleEnd,229f3e29
0x232391765aacf9e075e66162ce4e453afcbf14b5_1,UniqlyPresale4,presaleLimit(),presaleLimit,525b3fe3
0x232391765aacf9e075e66162ce4e453afcbf14b5_1,UniqlyPresale4,start(),start,be9a6555
0x232391765aacf9e075e66162ce4e453afcbf14b5_1,UniqlyPresale4,withdraw(),withdraw,3ccfd60b
0x232391765aacf9e075e66162ce4e453afcbf14b5_1,UniqlyPresale4,withdrawAnyERC20(address),withdrawAnyERC20,369fa61d
0x941d225236464a25eb18076df7da6a91d0f95e9e,ETH_FUND,CashOut(uint256),CashOut,9ffa0711
0x941d225236464a25eb18076df7da6a91d0f95e9e,ETH_FUND,Deposit(),Deposit,ed21248c
0x941d225236464a25eb18076df7da6a91d0f95e9e,ETH_FUND,MinDeposit(),MinDeposit,11bcd830
0x941d225236464a25eb18076df7da6a91d0f95e9e,ETH_FUND,balances(address),balances,27e235e3
0x941d225236464a25eb18076df7da6a91d0f95e9e,Log,"AddMessage(address,uint256,string)",AddMessage,4c2f04a4
0x941d225236464a25eb18076df7da6a91d0f95e9e,Log,History(uint256),History,a21f0368
0xeb40f7f07445905235e2c33fb51e620da4d6cbd9_1,unityOfEthereum,setRefer(address),setRefer,ce96ec6b
0xeb40f7f07445905235e2c33fb51e620da4d6cbd9_1,unityOfEthereum,showUnpayedPercent(),showUnpayedPercent,ded16ace
0xeb40f7f07445905235e2c33fb51e620da4d6cbd9_1,unityOfEthereum,withdrawEther(uint256),withdrawEther,3bed33ce
reentrancy_dao,ReentrancyDAO,deposit(),deposit,d0e30db0
reentrancy_dao,ReentrancyDAO,withdrawAll(),withdrawAll,853828b6
reentrancy_bonus,Reentrancy_bonus,getFirstWithdrawalBonus(address),getFirstWithdrawalBonus,7d1c54f8
reentrancy_bonus,Reentrancy_bonus,withdrawReward(address),withdrawReward,b86e321c
0x7a8721a9d64c74da899424c1b52acbf58ddc9782,Log,"AddMessage(address,uint256,string)",AddMessage,4c2f04a4
0x7a8721a9d64c74da899424c1b52acbf58ddc9782,Log,History(uint256),History,a21f0368
0x7a8721a9d64c74da899424c1b52acbf58ddc9782,PrivateDeposit,CashOut(uint256),CashOut,9ffa0711
0x7a8721a9d64c74da899424c1b52acbf58ddc9782,PrivateDeposit,Deposit(),Deposit,ed21248c
0x7a8721a9d64c74da899424c1b52acbf58ddc9782,PrivateDeposit,MinDeposit(),MinDeposit,11bcd830
0x7a8721a9d64c74da899424c1b52acbf58ddc9782,PrivateDeposit,balances(address),balances,27e235e3
0x7a8721a9d64c74da899424c1b52acbf58ddc9782,PrivateDeposit,owner(),owner,8da5cb5b
0x7a8721a9d64c74da899424c1b52acbf58ddc9782,PrivateDeposit,setLog(address),setLog,4797f21b
0xcf63ec4ee1b5ba3593aad05f7201ba586fec9aef_1,CommissionsStudio,admin(),admin,f851a440
0xcf63ec4ee1b5ba3593aad05f7201ba586fec9aef_1,CommissionsStudio,callStarted(),callStarted,720dc00c
0xcf63ec4ee1b5ba3593aad05f7201ba586fec9aef_1,CommissionsStudio,"commission(address,uint256,string)",commission,d13a0476
0xcf63ec4ee1b5ba3593aad05f7201ba586fec9aef_1,CommissionsStudio,creators(address),creators,933166e1
0xcf63ec4ee1b5ba3593aad05f7201ba586fec9aef_1,CommissionsStudio,fee(),fee,ddca3f43
0xcf63ec4ee1b5ba3593aad05f7201ba586fec9aef_1,CommissionsStudio,"getCommission(address,uint256,uint256)",getCommission,d8d6555e
0xcf63ec4ee1b5ba3593aad05f7201ba586fec9aef_1,CommissionsStudio,getCreator(address),getCreator,a0210309
0xcf63ec4ee1b5ba3593aad05f7201ba586fec9aef_1,CommissionsStudio,"getQueue(address,uint256)",getQueue,32054593
0xcf63ec4ee1b5ba3593aad05f7201ba586fec9aef_1,CommissionsStudio,"increaseCommissionBid(address,uint256,uint256)",increaseCommissionBid,38ab52ba
0xcf63ec4ee1b5ba3593aad05f7201ba586fec9aef_1,CommissionsStudio,"processCommissions(uint256,uint256[])",processCommissions,b5934ad3
0xcf63ec4ee1b5ba3593aad05f7201ba586fec9aef_1,CommissionsStudio,"registerQueue(uint256,string)",registerQueue,f797677b
0xcf63ec4ee1b5ba3593aad05f7201ba586fec9aef_1,CommissionsStudio,"rescindCommission(address,uint256,uint256)",rescindCommission,19a5bf8a
0xcf63ec4ee1b5ba3593aad05f7201ba586fec9aef_1,CommissionsStudio,updateAdmin(address),updateAdmin,e2f273bd
0xcf63ec4ee1b5ba3593aad05f7201ba586fec9aef_1,CommissionsStudio,updateFee(uint256),updateFee,9012c4a8
0xcf63ec4ee1b5ba3593aad05f7201ba586fec9aef_1,CommissionsStudio,"updateQueueMinBid(uint256,uint256)",updateQueueMinBid,82c956d5
etherbank,EtherBank,addToBalance(),addToBalance,c0e317fb
etherbank,EtherBank,getBalance(address),getBalance,f8b2cb4f
etherbank,EtherBank,withdrawBalance(),withdrawBalance,5fd8c710
reentrance,Reentrance,balanceOf(address),balanceOf,70a08231
reentrance,Reentrance,balances(address),balances,27e235e3
reentrance,Reentrance,donate(address),donate,00362a95
reentrance,Reentrance,withdraw(uint256),withdraw,2e1a7d4d
0xcf63ec4ee1b5ba3593aad05f7201ba586fec9aef_2,CommissionsStudio,admin(),admin,f851a440
0xcf63ec4ee1b5ba3593aad05f7201ba586fec9aef_2,CommissionsStudio,callStarted(),callStarted,720dc00c
0xcf63ec4ee1b5ba3593aad05f7201ba586fec9aef_2,CommissionsStudio,"commission(address,uint256,string)",commission,d13a0476
0xcf63ec4ee1b5ba3593aad05f7201ba586fec9aef_2,CommissionsStudio,creators(address),creators,933166e1
0xcf63ec4ee1b5ba3593aad05f7201ba586fec9aef_2,CommissionsStudio,fee(),fee,ddca3f43
0xcf63ec4ee1b5ba3593aad05f7201ba586fec9aef_2,CommissionsStudio,"getCommission(address,uint256,uint256)",getCommission,d8d6555e
0xcf63ec4ee1b5ba3593aad05f7201ba586fec9aef_2,CommissionsStudio,getCreator(address),getCreator,a0210309
0xcf63ec4ee1b5ba3593aad05f7201ba586fec9aef_2,CommissionsStudio,"getQueue(address,uint256)",getQueue,32054593
0xcf63ec4ee1b5ba3593aad05f7201ba586fec9aef_2,CommissionsStudio,"increaseCommissionBid(address,uint256,uint256)",increaseCommissionBid,38ab52ba
0xcf63ec4ee1b5ba3593aad05f7201ba586fec9aef_2,CommissionsStudio,"processCommissions(uint256,uint256[])",processCommissions,b5934ad3
0xcf63ec4ee1b5ba3593aad05f7201ba586fec9aef_2,CommissionsStudio,"registerQueue(uint256,string)",registerQueue,f797677b
0xcf63ec4ee1b5ba3593aad05f7201ba586fec9aef_2,CommissionsStudio,"rescindCommission(address,uint256,uint256)",rescindCommission,19a5bf8a
0xcf63ec4ee1b5ba3593aad05f7201ba586fec9aef_2,CommissionsStudio,updateAdmin(address),updateAdmin,e2f273bd
0xcf63ec4ee1b5ba3593aad05f7201ba586fec9aef_2,CommissionsStudio,updateFee(uint256),updateFee,9012c4a8
0xcf63ec4ee1b5ba3593aad05f7201ba586fec9aef_2,CommissionsStudio,"updateQueueMinBid(uint256,uint256)",updateQueueMinBid,82c956d5
0x4e73b32ed6c35f570686b89848e5f39f20ecc106,LogFile,"AddMessage(address,uint256,string)",AddMessage,4c2f04a4
0x4e73b32ed6c35f570686b89848e5f39f20ecc106,LogFile,History(uint256),History,a21f0368
0x4e73b32ed6c35f570686b89848e5f39f20ecc106,PRIVATE_ETH_CELL,Collect(uint256),Collect,3fe43822
0x4e73b32ed6c35f570686b89848e5f39f20ecc106,PRIVATE_ETH_CELL,Deposit(),Deposit,ed21248c
0x4e73b32ed6c35f570686b89848e5f39f20ecc106,PRIVATE_ETH_CELL,Initialized(),Initialized,5daa87a0
0x4e73b32ed6c35f570686b89848e5f39f20ecc106,PRIVATE_ETH_CELL,MinSum(),MinSum,c2808d1a
0x4e73b32ed6c35f570686b89848e5f39f20ecc106,PRIVATE_ETH_CELL,SetLogFile(address),SetLogFile,303b9379
0x4e73b32ed6c35f570686b89848e5f39f20ecc106,PRIVATE_ETH_CELL,SetMinSum(uint256),SetMinSum,640d3017
0x4e73b32ed6c35f570686b89848e5f39f20ecc106,PRIVATE_ETH_CELL,balances(address),balances,27e235e3
0xe610af01f92f19679327715b426c35849c47c657,Log,"AddMessage(address,uint256,string)",AddMessage,4c2f04a4
0xe610af01f92f19679327715b426c35849c47c657,Log,History(uint256),History,a21f0368
0xe610af01f92f19679327715b426c35849c47c657,PIGGY_BANK,Accounts(address),Accounts,e203b506
0xe610af01f92f19679327715b426c35849c47c657,PIGGY_BANK,Collect(uint256),Collect,3fe43822
0xe610af01f92f19679327715b426c35849c47c657,PIGGY_BANK,MinSum(),MinSum,c2808d1a
0xe610af01f92f19679327715b426c35849c47c657,PIGGY_BANK,Put(address),Put,e5b5fe72
0xD94B52bC3dA27D95e35e5e1b6D5fBb802ec9fd95_1,Balance,balances(address),balances,27e235e3
0xD94B52bC3dA27D95e35e5e1b6D5fBb802ec9fd95_1,Balance,claim(),claim,4e71d92d
0xD94B52bC3dA27D95e35e5e1b6D5fBb802ec9fd95_1,BalanceStorage,balances(address),balances,27e235e3
0xD94B52bC3dA27D95e35e5e1b6D5fBb802ec9fd95_1,Maintainer,maintainer(),maintainer,9850d32b
0xD94B52bC3dA27D95e35e5e1b6D5fBb802ec9fd95_1,Maintainer,setMaintainer(address),setMaintainer,13ea5d29
0xD94B52bC3dA27D95e35e5e1b6D5fBb802ec9fd95_1,Ownable,owner(),owner,8da5cb5b
0xD94B52bC3dA27D95e35e5e1b6D5fBb802ec9fd95_1,Ownable,renounceOwnership(),renounceOwnership,715018a6
0xD94B52bC3dA27D95e35e5e1b6D5fBb802ec9fd95_1,Ownable,transferOwnership(address),transferOwnership,f2fde38b
0xD94B52bC3dA27D95e35e5e1b6D5fBb802ec9fd95_1,PingPong,amount(),amount,aa8c217c
0xD94B52bC3dA27D95e35e5e1b6D5fBb802ec9fd95_1,PingPong,balances(address),balances,27e235e3
0xD94B52bC3dA27D95e35e5e1b6D5fBb802ec9fd95_1,PingPong,"bet(uint256,uint256)",bet,6ffcc719
0xD94B52bC3dA27D95e35e5e1b6D5fBb802ec9fd95_1,PingPong,claim(),claim,4e71d92d
0xD94B52bC3dA27D95e35e5e1b6D5fBb802ec9fd95_1,PingPong,fee(),fee,ddca3f43
0xD94B52bC3dA27D95e35e5e1b6D5fBb802ec9fd95_1,PingPong,getCurrentRound(),getCurrentRound,a32bf597
0xD94B52bC3dA27D95e35e5e1b6D5fBb802ec9fd95_1,PingPong,getCurrentRoundBalance(),getCurrentRoundBalance,b2c0ccc8
0xD94B52bC3dA27D95e35e5e1b6D5fBb802ec9fd95_1,PingPong,getCurrentRoundNumber(),getCurrentRoundNumber,6150ef6b
0xD94B52bC3dA27D95e35e5e1b6D5fBb802ec9fd95_1,PingPong,"getPlayer(uint256,address)",getPlayer,6454e58d
0xD94B52bC3dA27D95e35e5e1b6D5fBb802ec9fd95_1,PingPong,getRoundChoices(uint256),getRoundChoices,a09fdbc9
0xD94B52bC3dA27D95e35e5e1b6D5fBb802ec9fd95_1,PingPong,getRoundPlayers(uint256),getRoundPlayers,776e11dd
0xD94B52bC3dA27D95e35e5e1b6D5fBb802ec9fd95_1,PingPong,maintainer(),maintainer,9850d32b
0xD94B52bC3dA27D95e35e5e1b6D5fBb802ec9fd95_1,PingPong,owner(),owner,8da5cb5b
0xD94B52bC3dA27D95e35e5e1b6D5fBb802ec9fd95_1,PingPong,"players(uint256,uint256)",players,998f1b80
0xD94B52bC3dA27D95e35e5e1b6D5fBb802ec9fd95_1,PingPong,renounceOwnership(),renounceOwnership,715018a6
0xD94B52bC3dA27D95e35e5e1b6D5fBb802ec9fd95_1,PingPong,reset(),reset,d826f88f
0xD94B52bC3dA27D95e35e5e1b6D5fBb802ec9fd95_1,PingPong,roundTime(),roundTime,ee5f8c8f
0xD94B52bC3dA27D95e35e5e1b6D5fBb802ec9fd95_1,PingPong,rounds(uint256),rounds,8c65c81f
0xD94B52bC3dA27D95e35e5e1b6D5fBb802ec9fd95_1,PingPong,setMaintainer(address),setMaintainer,13ea5d29
0xD94B52bC3dA27D95e35e5e1b6D5fBb802ec9fd95_1,PingPong,"setRules(uint256,uint256,uint256)",setRules,99718fbc
0xD94B52bC3dA27D95e35e5e1b6D5fBb802ec9fd95_1,PingPong,transferOwnership(address),transferOwnership,f2fde38b
0xD94B52bC3dA27D95e35e5e1b6D5fBb802ec9fd95_1,Round,amount(),amount,aa8c217c
0xD94B52bC3dA27D95e35e5e1b6D5fBb802ec9fd95_1,Round,fee(),fee,ddca3f43
0xD94B52bC3dA27D95e35e5e1b6D5fBb802ec9fd95_1,Round,getCurrentRound(),getCurrentRound,a32bf597
0xD94B52bC3dA27D95e35e5e1b6D5fBb802ec9fd95_1,Round,getCurrentRoundNumber(),getCurrentRoundNumber,6150ef6b
0xD94B52bC3dA27D95e35e5e1b6D5fBb802ec9fd95_1,Round,roundTime(),roundTime,ee5f8c8f
0xD94B52bC3dA27D95e35e5e1b6D5fBb802ec9fd95_1,Round,rounds(uint256),rounds,8c65c81f
0xD94B52bC3dA27D95e35e5e1b6D5fBb802ec9fd95_1,RoundStorage,amount(),amount,aa8c217c
0xD94B52bC3dA27D95e35e5e1b6D5fBb802ec9fd95_1,RoundStorage,fee(),fee,ddca3f43
0xD94B52bC3dA27D95e35e5e1b6D5fBb802ec9fd95_1,RoundStorage,roundTime(),roundTime,ee5f8c8f
0xD94B52bC3dA27D95e35e5e1b6D5fBb802ec9fd95_1,RoundStorage,rounds(uint256),rounds,8c65c81f
0x903643251af408a3c5269c836b9a2a4a1f04d1cf,SysEscrow,MinDeposit(),MinDeposit,11bcd830
0x903643251af408a3c5269c836b9a2a4a1f04d1cf,SysEscrow,"approveEscrow(bytes16,address,address,uint256)",approveEscrow,d7020d2a
0x903643251af408a3c5269c836b9a2a4a1f04d1cf,SysEscrow,"cancelEscrow(bytes16,address,address,uint256)",cancelEscrow,6d4a37ef
0x903643251af408a3c5269c836b9a2a4a1f04d1cf,SysEscrow,"createEscrow(bytes16,address,address,uint256)",createEscrow,919be880
0x903643251af408a3c5269c836b9a2a4a1f04d1cf,SysEscrow,escrows(bytes32),escrows,2d83549c
0x903643251af408a3c5269c836b9a2a4a1f04d1cf,SysEscrow,"isExistsEscrow(bytes16,address,address,uint256)",isExistsEscrow,d77e8986
0x903643251af408a3c5269c836b9a2a4a1f04d1cf,SysEscrow,owner(),owner,8da5cb5b
0x903643251af408a3c5269c836b9a2a4a1f04d1cf,SysEscrow,"releaseEscrow(bytes16,address,address,uint256)",releaseEscrow,de57e8b4
0x903643251af408a3c5269c836b9a2a4a1f04d1cf,SysEscrow,setArbitrator(address),setArbitrator,b0eefabe
0x903643251af408a3c5269c836b9a2a4a1f04d1cf,SysEscrow,setOwner(address),setOwner,13af4035
0x999d114147fde648419dfdab653959c63ae139c4_1,IERC20,"allowance(address,address)",allowance,dd62ed3e
0x999d114147fde648419dfdab653959c63ae139c4_1,IERC20,"approve(address,uint256)",approve,095ea7b3
0x999d114147fde648419dfdab653959c63ae139c4_1,IERC20,balanceOf(address),balanceOf,70a08231
0x999d114147fde648419dfdab653959c63ae139c4_1,IERC20,totalSupply(),totalSupply,18160ddd
0x999d114147fde648419dfdab653959c63ae139c4_1,IERC20,"transfer(address,uint256)",transfer,a9059cbb
0x999d114147fde648419dfdab653959c63ae139c4_1,IERC20,"transferFrom(address,address,uint256)",transferFrom,23b872dd
0x999d114147fde648419dfdab653959c63ae139c4_1,Ownable,owner(),owner,8da5cb5b
0x999d114147fde648419dfdab653959c63ae139c4_1,Ownable,renounceOwnership(),renounceOwnership,715018a6
0x999d114147fde648419dfdab653959c63ae139c4_1,Ownable,transferOwnership(address),transferOwnership,f2fde38b
0x999d114147fde648419dfdab653959c63ae139c4_1,TXJPInitialOffering,END(),END,efe7a504
0x999d114147fde648419dfdab653959c63ae139c4_1,TXJPInitialOffering,MINIMAL_PROVIDE_AMOUNT(),MINIMAL_PROVIDE_AMOUNT,2a0722a6
0x999d114147fde648419dfdab653959c63ae139c4_1,TXJPInitialOffering,START(),START,ba9a061a
0x999d114147fde648419dfdab653959c63ae139c4_1,TXJPInitialOffering,TOTAL_DISTRIBUTE_AMOUNT(),TOTAL_DISTRIBUTE_AMOUNT,aa1cf2a2
0x999d114147fde648419dfdab653959c63ae139c4_1,TXJPInitialOffering,TXJP(),TXJP,78032cce
0x999d114147fde648419dfdab653959c63ae139c4_1,TXJPInitialOffering,claim(),claim,4e71d92d
0x999d114147fde648419dfdab653959c63ae139c4_1,TXJPInitialOffering,owner(),owner,8da5cb5b
0x999d114147fde648419dfdab653959c63ae139c4_1,TXJPInitialOffering,provided(address),provided,9ddb9ee1
0x999d114147fde648419dfdab653959c63ae139c4_1,TXJPInitialOffering,renounceOwnership(),renounceOwnership,715018a6
0x999d114147fde648419dfdab653959c63ae139c4_1,TXJPInitialOffering,totalProvided(),totalProvided,02e3cb0b
0x999d114147fde648419dfdab653959c63ae139c4_1,TXJPInitialOffering,transferOwnership(address),transferOwnership,f2fde38b
0x999d114147fde648419dfdab653959c63ae139c4_1,TXJPInitialOffering,withdrawProvidedETH(),withdrawProvidedETH,e43608d8
0x999d114147fde648419dfdab653959c63ae139c4_1,TXJPInitialOffering,withdrawTXJP(),withdrawTXJP,79f0c5ed
0x999d114147fde648419dfdab653959c63ae139c4_1,TXJPInitialOffering,withdrawUnclaimedTXJP(),withdrawUnclaimedTXJP,71feef69
0xE52A2A7B8dACe2ff8cdC64EabB605821A393474D_2,ArtBlocksBroker,ARTBLOCKS_FACTORY(),ARTBLOCKS_FACTORY,0a444303
0xE52A2A7B8dACe2ff8cdC64EabB605821A393474D_2,ArtBlocksBroker,artBlocksBrokerFeeBips(),artBlocksBrokerFeeBips,7dedb2e9
0xE52A2A7B8dACe2ff8cdC64EabB605821A393474D_2,ArtBlocksBroker,balances(address),balances,27e235e3
0xE52A2A7B8dACe2ff8cdC64EabB605821A393474D_2,ArtBlocksBroker,cancelOrder(uint256),cancelOrder,514fcac7
0xE52A2A7B8dACe2ff8cdC64EabB605821A393474D_2,ArtBlocksBroker,changeArtBlocksBrokerFeeBips(uint256),changeArtBlocksBrokerFeeBips,f09e3526
0xE52A2A7B8dACe2ff8cdC64EabB605821A393474D_2,ArtBlocksBroker,changeCoordinator(address),changeCoordinator,86ab2395
0xE52A2A7B8dACe2ff8cdC64EabB605821A393474D_2,ArtBlocksBroker,changeProfitReceiver(address),changeProfitReceiver,ebae215c
0xE52A2A7B8dACe2ff8cdC64EabB605821A393474D_2,ArtBlocksBroker,coordinator(),coordinator,0a009097
0xE52A2A7B8dACe2ff8cdC64EabB605821A393474D_2,ArtBlocksBroker,"fulfillMultipleOrders(address[],uint256[],uint256[],uint256[],address[],bool[])",fulfillMultipleOrders,3feede77
0xE52A2A7B8dACe2ff8cdC64EabB605821A393474D_2,ArtBlocksBroker,"fulfillOrder(address,uint256,uint256,uint256,address,bool)",fulfillOrder,e8aed5b5
0xE52A2A7B8dACe2ff8cdC64EabB605821A393474D_2,ArtBlocksBroker,"orders(address,uint256)",orders,793b8c6d
0xE52A2A7B8dACe2ff8cdC64EabB605821A393474D_2,ArtBlocksBroker,"placeOrder(uint256,uint128)",placeOrder,f827b1a3
0xE52A2A7B8dACe2ff8cdC64EabB605821A393474D_2,ArtBlocksBroker,profitReceiver(),profitReceiver,355c8973
0xE52A2A7B8dACe2ff8cdC64EabB605821A393474D_2,ArtBlocksBroker,"viewOrder(address,uint256)",viewOrder,1746ccc0
0xE52A2A7B8dACe2ff8cdC64EabB605821A393474D_2,ArtBlocksBroker,"viewOrders(address[],uint256[])",viewOrders,6a9301ee
0xE52A2A7B8dACe2ff8cdC64EabB605821A393474D_2,ArtBlocksBroker,withdraw(),withdraw,3ccfd60b
0xE52A2A7B8dACe2ff8cdC64EabB605821A393474D_2,IArtBlocksFactory,"safeTransferFrom(address,address,uint256)",safeTransferFrom,42842e0e
0xE52A2A7B8dACe2ff8cdC64EabB605821A393474D_2,IArtBlocksFactory,tokenIdToProjectId(uint256),tokenIdToProjectId,1b689c0b
0xE52A2A7B8dACe2ff8cdC64EabB605821A393474D_1,ArtBlocksBroker,ARTBLOCKS_FACTORY(),ARTBLOCKS_FACTORY,0a444303
0xE52A2A7B8dACe2ff8cdC64EabB605821A393474D_1,ArtBlocksBroker,artBlocksBrokerFeeBips(),artBlocksBrokerFeeBips,7dedb2e9
0xE52A2A7B8dACe2ff8cdC64EabB605821A393474D_1,ArtBlocksBroker,balances(address),balances,27e235e3
0xE52A2A7B8dACe2ff8cdC64EabB605821A393474D_1,ArtBlocksBroker,cancelOrder(uint256),cancelOrder,514fcac7
0xE52A2A7B8dACe2ff8cdC64EabB605821A393474D_1,ArtBlocksBroker,changeArtBlocksBrokerFeeBips(uint256),changeArtBlocksBrokerFeeBips,f09e3526
0xE52A2A7B8dACe2ff8cdC64EabB605821A393474D_1,ArtBlocksBroker,changeCoordinator(address),changeCoordinator,86ab2395
0xE52A2A7B8dACe2ff8cdC64EabB605821A393474D_1,ArtBlocksBroker,changeProfitReceiver(address),changeProfitReceiver,ebae215c
0xE52A2A7B8dACe2ff8cdC64EabB605821A393474D_1,ArtBlocksBroker,coordinator(),coordinator,0a009097
0xE52A2A7B8dACe2ff8cdC64EabB605821A393474D_1,ArtBlocksBroker,"fulfillMultipleOrders(address[],uint256[],uint256[],uint256[],address[],bool[])",fulfillMultipleOrders,3feede77
0xE52A2A7B8dACe2ff8cdC64EabB605821A393474D_1,ArtBlocksBroker,"fulfillOrder(address,uint256,uint256,uint256,address,bool)",fulfillOrder,e8aed5b5
0xE52A2A7B8dACe2ff8cdC64EabB605821A393474D_1,ArtBlocksBroker,"orders(address,uint256)",orders,793b8c6d
0xE52A2A7B8dACe2ff8cdC64EabB605821A393474D_1,ArtBlocksBroker,"placeOrder(uint256,uint128)",placeOrder,f827b1a3
0xE52A2A7B8dACe2ff8cdC64EabB605821A393474D_1,ArtBlocksBroker,profitReceiver(),profitReceiver,355c8973
0xE52A2A7B8dACe2ff8cdC64EabB605821A393474D_1,ArtBlocksBroker,"viewOrder(address,uint256)",viewOrder,1746ccc0
0xE52A2A7B8dACe2ff8cdC64EabB605821A393474D_1,ArtBlocksBroker,"viewOrders(address[],uint256[])",viewOrders,6a9301ee
0xE52A2A7B8dACe2ff8cdC64EabB605821A393474D_1,ArtBlocksBroker,withdraw(),withdraw,3ccfd60b
0xE52A2A7B8dACe2ff8cdC64EabB605821A393474D_1,IArtBlocksFactory,"safeTransferFrom(address,address,uint256)",safeTransferFrom,42842e0e
0xE52A2A7B8dACe2ff8cdC64EabB605821A393474D_1,IArtBlocksFactory,tokenIdToProjectId(uint256),tokenIdToProjectId,1b689c0b
0x1223730bae7fd3d2fe1e7948b0a90c8a9f3b8446_1,BigShortBets,blanceOf(address),blanceOf,12568c24
0x1223730bae7fd3d2fe1e7948b0a90c8a9f3b8446_1,BigShortBets,end(),end,efbe1c1c
0x1223730bae7fd3d2fe1e7948b0a90c8a9f3b8446_1,BigShortBets,failsafe(),failsafe,474a88cb
0x1223730bae7fd3d2fe1e7948b0a90c8a9f3b8446_1,BigShortBets,minETH(),minETH,df67d82d
0x1223730bae7fd3d2fe1e7948b0a90c8a9f3b8446_1,BigShortBets,noAmlMax(),noAmlMax,3c8b4b79
0x1223730bae7fd3d2fe1e7948b0a90c8a9f3b8446_1,BigShortBets,owner(),owner,8da5cb5b
0x1223730bae7fd3d2fe1e7948b0a90c8a9f3b8446_1,BigShortBets,totalCollected(),totalCollected,e29eb836
0x1223730bae7fd3d2fe1e7948b0a90c8a9f3b8446_1,BigShortBets,withdraw(),withdraw,3ccfd60b
0x4320e6f8c05b27ab4707cd1f6d5ce6f3e4b3a5a1,ACCURAL_DEPOSIT,Collect(uint256),Collect,3fe43822
0x4320e6f8c05b27ab4707cd1f6d5ce6f3e4b3a5a1,ACCURAL_DEPOSIT,Deposit(),Deposit,ed21248c
0x4320e6f8c05b27ab4707cd1f6d5ce6f3e4b3a5a1,ACCURAL_DEPOSIT,Initialized(),Initialized,5daa87a0
0x4320e6f8c05b27ab4707cd1f6d5ce6f3e4b3a5a1,ACCURAL_DEPOSIT,MinSum(),MinSum,c2808d1a
0x4320e6f8c05b27ab4707cd1f6d5ce6f3e4b3a5a1,ACCURAL_DEPOSIT,SetLogFile(address),SetLogFile,303b9379
0x4320e6f8c05b27ab4707cd1f6d5ce6f3e4b3a5a1,ACCURAL_DEPOSIT,SetMinSum(uint256),SetMinSum,640d3017
0x4320e6f8c05b27ab4707cd1f6d5ce6f3e4b3a5a1,ACCURAL_DEPOSIT,balances(address),balances,27e235e3
0x561eac93c92360949ab1f1403323e6db345cbf31,BANK_SAFE,Collect(uint256),Collect,3fe43822
0x561eac93c92360949ab1f1403323e6db345cbf31,BANK_SAFE,Deposit(),Deposit,ed21248c
0x561eac93c92360949ab1f1403323e6db345cbf31,BANK_SAFE,Initialized(),Initialized,5daa87a0
0x561eac93c92360949ab1f1403323e6db345cbf31,BANK_SAFE,MinSum(),MinSum,c2808d1a
0x561eac93c92360949ab1f1403323e6db345cbf31,BANK_SAFE,SetLogFile(address),SetLogFile,303b9379
0x561eac93c92360949ab1f1403323e6db345cbf31,BANK_SAFE,SetMinSum(uint256),SetMinSum,640d3017
0x561eac93c92360949ab1f1403323e6db345cbf31,BANK_SAFE,balances(address),balances,27e235e3
0xbe4041d55db380c5ae9d4a9b9703f1ed4e7e3888,MONEY_BOX,Acc(address),Acc,7731cd2a
0xbe4041d55db380c5ae9d4a9b9703f1ed4e7e3888,MONEY_BOX,Collect(uint256),Collect,3fe43822
0xbe4041d55db380c5ae9d4a9b9703f1ed4e7e3888,MONEY_BOX,Initialized(),Initialized,5daa87a0
0xbe4041d55db380c5ae9d4a9b9703f1ed4e7e3888,MONEY_BOX,MinSum(),MinSum,c2808d1a
0xbe4041d55db380c5ae9d4a9b9703f1ed4e7e3888,MONEY_BOX,Put(uint256),Put,65f3c31a
0xbe4041d55db380c5ae9d4a9b9703f1ed4e7e3888,MONEY_BOX,SetLogFile(address),SetLogFile,303b9379
0xbe4041d55db380c5ae9d4a9b9703f1ed4e7e3888,MONEY_BOX,SetMinSum(uint256),SetMinSum,640d3017
0xA395480A4A90c7066c8ddB5db83E2718E750641C,PreSaleFund,Divest(uint256),Divest,b0a94ef7
0xA395480A4A90c7066c8ddB5db83E2718E750641C,PreSaleFund,GetInvestedAmount(),GetInvestedAmount,5a70fe72
0xA395480A4A90c7066c8ddB5db83E2718E750641C,PreSaleFund,Invest(),Invest,c0819961
0xA395480A4A90c7066c8ddB5db83E2718E750641C,PreSaleFund,"loggedTransfer(uint256,bytes32,address,address)",loggedTransfer,6046d718
0xA395480A4A90c7066c8ddB5db83E2718E750641C,PreSaleFund,withdraw(),withdraw,3ccfd60b
0x69640F28B6FE4aE4674EFDBe21Aa15d048bb914B,weeWhoo,GetBonusWithdraw(),GetBonusWithdraw,ef4d1d6c
0x69640F28B6FE4aE4674EFDBe21Aa15d048bb914B,weeWhoo,TotalAmount(),TotalAmount,7eb9f571
0x69640F28B6FE4aE4674EFDBe21Aa15d048bb914B,weeWhoo,_balances(address),_balances,6ebcf607
0x69640F28B6FE4aE4674EFDBe21Aa15d048bb914B,weeWhoo,deposit(),deposit,d0e30db0
0x69640F28B6FE4aE4674EFDBe21Aa15d048bb914B,weeWhoo,destroy(),destroy,83197ef0
0x69640F28B6FE4aE4674EFDBe21Aa15d048bb914B,weeWhoo,withdraw(),withdraw,3ccfd60b
0xd022969da8A1aCe11E2974b3e7EE476c3f9F99c6,PreSaleFund,Divest(uint256),Divest,b0a94ef7
0xd022969da8A1aCe11E2974b3e7EE476c3f9F99c6,PreSaleFund,GetInvestedAmount(),GetInvestedAmount,5a70fe72
0xd022969da8A1aCe11E2974b3e7EE476c3f9F99c6,PreSaleFund,Invest(),Invest,c0819961
0xd022969da8A1aCe11E2974b3e7EE476c3f9F99c6,PreSaleFund,MinInvestment(),MinInvestment,a2a140f9
0xd022969da8A1aCe11E2974b3e7EE476c3f9F99c6,PreSaleFund,SetMin(uint256),SetMin,872625bb
0xd022969da8A1aCe11E2974b3e7EE476c3f9F99c6,PreSaleFund,"loggedTransfer(uint256,bytes32,address,address)",loggedTransfer,6046d718
0xd022969da8A1aCe11E2974b3e7EE476c3f9F99c6,PreSaleFund,withdraw(),withdraw,3ccfd60b
